date,state,sex,ethnicity,age,population
2020-01-01,Malaysia,overall_sex,overall_ethnicity,overall_age,32447.4
2020-01-01,Malaysia,overall_sex,overall_ethnicity,0-4,2519.5
2020-01-01,Malaysia,overall_sex,overall_ethnicity,5-9,2641.2
2020-01-01,Malaysia,overall_sex,overall_ethnicity,10-14,2611.2
2020-01-01,Malaysia,overall_sex,overall_ethnicity,15-19,2839.5
2020-01-01,Malaysia,overall_sex,overall_ethnicity,20-24,2867.0
2020-01-01,Malaysia,overall_sex,overall_ethnicity,25-29,2891.6
2020-01-01,Malaysia,overall_sex,overall_ethnicity,30-34,2907.2
2020-01-01,Malaysia,overall_sex,overall_ethnicity,35-39,2742.6
2020-01-01,Malaysia,overall_sex,overall_ethnicity,40-44,2194.8
2020-01-01,Malaysia,overall_sex,overall_ethnicity,45-49,1843.7
2020-01-01,Malaysia,overall_sex,overall_ethnicity,50-54,1586.0
2020-01-01,Malaysia,overall_sex,overall_ethnicity,55-59,1459.8
2020-01-01,Malaysia,overall_sex,overall_ethnicity,60-64,1152.1
2020-01-01,Malaysia,overall_sex,overall_ethnicity,65-69,917.4
2020-01-01,Malaysia,overall_sex,overall_ethnicity,70-74,611.4
2020-01-01,Malaysia,overall_sex,overall_ethnicity,75-79,329.3
2020-01-01,Malaysia,overall_sex,overall_ethnicity,80-84,194.6
2020-01-01,Malaysia,overall_sex,overall_ethnicity,85+,138.5
2020-01-01,Malaysia,male,overall_ethnicity,overall_age,16966.2
2020-01-01,Malaysia,male,overall_ethnicity,0-4,1286.4
2020-01-01,Malaysia,male,overall_ethnicity,5-9,1368.1
2020-01-01,Malaysia,male,overall_ethnicity,10-14,1351.6
2020-01-01,Malaysia,male,overall_ethnicity,15-19,1488.6
2020-01-01,Malaysia,male,overall_ethnicity,20-24,1544.6
2020-01-01,Malaysia,male,overall_ethnicity,25-29,1581.6
2020-01-01,Malaysia,male,overall_ethnicity,30-34,1565.0
2020-01-01,Malaysia,male,overall_ethnicity,35-39,1464.4
2020-01-01,Malaysia,male,overall_ethnicity,40-44,1167.1
2020-01-01,Malaysia,male,overall_ethnicity,45-49,957.8
2020-01-01,Malaysia,male,overall_ethnicity,50-54,804.0
2020-01-01,Malaysia,male,overall_ethnicity,55-59,743.4
2020-01-01,Malaysia,male,overall_ethnicity,60-64,576.8
2020-01-01,Malaysia,male,overall_ethnicity,65-69,457.0
2020-01-01,Malaysia,male,overall_ethnicity,70-74,297.6
2020-01-01,Malaysia,male,overall_ethnicity,75-79,156.5
2020-01-01,Malaysia,male,overall_ethnicity,80-84,89.2
2020-01-01,Malaysia,male,overall_ethnicity,85+,66.5
2020-01-01,Malaysia,female,overall_ethnicity,overall_age,15481.2
2020-01-01,Malaysia,female,overall_ethnicity,0-4,1233.0
2020-01-01,Malaysia,female,overall_ethnicity,5-9,1273.1
2020-01-01,Malaysia,female,overall_ethnicity,10-14,1259.6
2020-01-01,Malaysia,female,overall_ethnicity,15-19,1350.9
2020-01-01,Malaysia,female,overall_ethnicity,20-24,1322.4
2020-01-01,Malaysia,female,overall_ethnicity,25-29,1310.0
2020-01-01,Malaysia,female,overall_ethnicity,30-34,1342.1
2020-01-01,Malaysia,female,overall_ethnicity,35-39,1278.2
2020-01-01,Malaysia,female,overall_ethnicity,40-44,1027.7
2020-01-01,Malaysia,female,overall_ethnicity,45-49,885.9
2020-01-01,Malaysia,female,overall_ethnicity,50-54,782.0
2020-01-01,Malaysia,female,overall_ethnicity,55-59,716.4
2020-01-01,Malaysia,female,overall_ethnicity,60-64,575.2
2020-01-01,Malaysia,female,overall_ethnicity,65-69,460.4
2020-01-01,Malaysia,female,overall_ethnicity,70-74,313.8
2020-01-01,Malaysia,female,overall_ethnicity,75-79,172.8
2020-01-01,Malaysia,female,overall_ethnicity,80-84,105.5
2020-01-01,Malaysia,female,overall_ethnicity,85+,72.0
2020-01-01,Malaysia,overall_sex,bumi_malay,overall_age,16913.0
2020-01-01,Malaysia,overall_sex,bumi_malay,0-4,1477.8
2020-01-01,Malaysia,overall_sex,bumi_malay,5-9,1508.2
2020-01-01,Malaysia,overall_sex,bumi_malay,10-14,1412.8
2020-01-01,Malaysia,overall_sex,bumi_malay,15-19,1640.8
2020-01-01,Malaysia,overall_sex,bumi_malay,20-24,1485.9
2020-01-01,Malaysia,overall_sex,bumi_malay,25-29,1383.0
2020-01-01,Malaysia,overall_sex,bumi_malay,30-34,1458.0
2020-01-01,Malaysia,overall_sex,bumi_malay,35-39,1373.2
2020-01-01,Malaysia,overall_sex,bumi_malay,40-44,1085.5
2020-01-01,Malaysia,overall_sex,bumi_malay,45-49,908.1
2020-01-01,Malaysia,overall_sex,bumi_malay,50-54,789.3
2020-01-01,Malaysia,overall_sex,bumi_malay,55-59,737.3
2020-01-01,Malaysia,overall_sex,bumi_malay,60-64,573.0
2020-01-01,Malaysia,overall_sex,bumi_malay,65-69,469.2
2020-01-01,Malaysia,overall_sex,bumi_malay,70-74,306.4
2020-01-01,Malaysia,overall_sex,bumi_malay,75-79,155.6
2020-01-01,Malaysia,overall_sex,bumi_malay,80-84,87.7
2020-01-01,Malaysia,overall_sex,bumi_malay,85+,61.2
2020-01-01,Malaysia,male,bumi_malay,overall_age,8563.7
2020-01-01,Malaysia,male,bumi_malay,0-4,753.6
2020-01-01,Malaysia,male,bumi_malay,5-9,779.2
2020-01-01,Malaysia,male,bumi_malay,10-14,730.5
2020-01-01,Malaysia,male,bumi_malay,15-19,853.7
2020-01-01,Malaysia,male,bumi_malay,20-24,761.8
2020-01-01,Malaysia,male,bumi_malay,25-29,696.0
2020-01-01,Malaysia,male,bumi_malay,30-34,727.0
2020-01-01,Malaysia,male,bumi_malay,35-39,694.3
2020-01-01,Malaysia,male,bumi_malay,40-44,554.7
2020-01-01,Malaysia,male,bumi_malay,45-49,458.1
2020-01-01,Malaysia,male,bumi_malay,50-54,391.2
2020-01-01,Malaysia,male,bumi_malay,55-59,367.8
2020-01-01,Malaysia,male,bumi_malay,60-64,280.6
2020-01-01,Malaysia,male,bumi_malay,65-69,230.7
2020-01-01,Malaysia,male,bumi_malay,70-74,147.0
2020-01-01,Malaysia,male,bumi_malay,75-79,71.1
2020-01-01,Malaysia,male,bumi_malay,80-84,37.9
2020-01-01,Malaysia,male,bumi_malay,85+,28.4
2020-01-01,Malaysia,female,bumi_malay,overall_age,8349.3
2020-01-01,Malaysia,female,bumi_malay,0-4,724.2
2020-01-01,Malaysia,female,bumi_malay,5-9,728.9
2020-01-01,Malaysia,female,bumi_malay,10-14,682.4
2020-01-01,Malaysia,female,bumi_malay,15-19,787.1
2020-01-01,Malaysia,female,bumi_malay,20-24,724.1
2020-01-01,Malaysia,female,bumi_malay,25-29,687.0
2020-01-01,Malaysia,female,bumi_malay,30-34,731.0
2020-01-01,Malaysia,female,bumi_malay,35-39,678.9
2020-01-01,Malaysia,female,bumi_malay,40-44,530.8
2020-01-01,Malaysia,female,bumi_malay,45-49,450.0
2020-01-01,Malaysia,female,bumi_malay,50-54,398.1
2020-01-01,Malaysia,female,bumi_malay,55-59,369.4
2020-01-01,Malaysia,female,bumi_malay,60-64,292.4
2020-01-01,Malaysia,female,bumi_malay,65-69,238.5
2020-01-01,Malaysia,female,bumi_malay,70-74,159.4
2020-01-01,Malaysia,female,bumi_malay,75-79,84.5
2020-01-01,Malaysia,female,bumi_malay,80-84,49.8
2020-01-01,Malaysia,female,bumi_malay,85+,32.8
2020-01-01,Malaysia,overall_sex,bumi_other,overall_age,3736.5
2020-01-01,Malaysia,overall_sex,bumi_other,0-4,297.8
2020-01-01,Malaysia,overall_sex,bumi_other,5-9,300.6
2020-01-01,Malaysia,overall_sex,bumi_other,10-14,379.6
2020-01-01,Malaysia,overall_sex,bumi_other,15-19,355.6
2020-01-01,Malaysia,overall_sex,bumi_other,20-24,339.7
2020-01-01,Malaysia,overall_sex,bumi_other,25-29,346.4
2020-01-01,Malaysia,overall_sex,bumi_other,30-34,320.2
2020-01-01,Malaysia,overall_sex,bumi_other,35-39,299.2
2020-01-01,Malaysia,overall_sex,bumi_other,40-44,223.6
2020-01-01,Malaysia,overall_sex,bumi_other,45-49,199.6
2020-01-01,Malaysia,overall_sex,bumi_other,50-54,176.8
2020-01-01,Malaysia,overall_sex,bumi_other,55-59,151.9
2020-01-01,Malaysia,overall_sex,bumi_other,60-64,116.7
2020-01-01,Malaysia,overall_sex,bumi_other,65-69,95.3
2020-01-01,Malaysia,overall_sex,bumi_other,70-74,58.4
2020-01-01,Malaysia,overall_sex,bumi_other,75-79,37.4
2020-01-01,Malaysia,overall_sex,bumi_other,80-84,20.1
2020-01-01,Malaysia,overall_sex,bumi_other,85+,17.6
2020-01-01,Malaysia,male,bumi_other,overall_age,1888.1
2020-01-01,Malaysia,male,bumi_other,0-4,153.8
2020-01-01,Malaysia,male,bumi_other,5-9,154.8
2020-01-01,Malaysia,male,bumi_other,10-14,194.7
2020-01-01,Malaysia,male,bumi_other,15-19,181.3
2020-01-01,Malaysia,male,bumi_other,20-24,170.0
2020-01-01,Malaysia,male,bumi_other,25-29,171.8
2020-01-01,Malaysia,male,bumi_other,30-34,158.0
2020-01-01,Malaysia,male,bumi_other,35-39,150.7
2020-01-01,Malaysia,male,bumi_other,40-44,111.9
2020-01-01,Malaysia,male,bumi_other,45-49,98.7
2020-01-01,Malaysia,male,bumi_other,50-54,89.3
2020-01-01,Malaysia,male,bumi_other,55-59,76.3
2020-01-01,Malaysia,male,bumi_other,60-64,60.0
2020-01-01,Malaysia,male,bumi_other,65-69,50.5
2020-01-01,Malaysia,male,bumi_other,70-74,28.7
2020-01-01,Malaysia,male,bumi_other,75-79,18.8
2020-01-01,Malaysia,male,bumi_other,80-84,9.8
2020-01-01,Malaysia,male,bumi_other,85+,8.9
2020-01-01,Malaysia,female,bumi_other,overall_age,1848.5
2020-01-01,Malaysia,female,bumi_other,0-4,144.0
2020-01-01,Malaysia,female,bumi_other,5-9,145.8
2020-01-01,Malaysia,female,bumi_other,10-14,184.9
2020-01-01,Malaysia,female,bumi_other,15-19,174.3
2020-01-01,Malaysia,female,bumi_other,20-24,169.6
2020-01-01,Malaysia,female,bumi_other,25-29,174.6
2020-01-01,Malaysia,female,bumi_other,30-34,162.2
2020-01-01,Malaysia,female,bumi_other,35-39,148.5
2020-01-01,Malaysia,female,bumi_other,40-44,111.8
2020-01-01,Malaysia,female,bumi_other,45-49,100.9
2020-01-01,Malaysia,female,bumi_other,50-54,87.5
2020-01-01,Malaysia,female,bumi_other,55-59,75.6
2020-01-01,Malaysia,female,bumi_other,60-64,56.7
2020-01-01,Malaysia,female,bumi_other,65-69,44.8
2020-01-01,Malaysia,female,bumi_other,70-74,29.7
2020-01-01,Malaysia,female,bumi_other,75-79,18.6
2020-01-01,Malaysia,female,bumi_other,80-84,10.3
2020-01-01,Malaysia,female,bumi_other,85+,8.7
2020-01-01,Malaysia,overall_sex,chinese,overall_age,6892.4
2020-01-01,Malaysia,overall_sex,chinese,0-4,412.3
2020-01-01,Malaysia,overall_sex,chinese,5-9,512.3
2020-01-01,Malaysia,overall_sex,chinese,10-14,564.4
2020-01-01,Malaysia,overall_sex,chinese,15-19,513.7
2020-01-01,Malaysia,overall_sex,chinese,20-24,485.0
2020-01-01,Malaysia,overall_sex,chinese,25-29,488.5
2020-01-01,Malaysia,overall_sex,chinese,30-34,529.2
2020-01-01,Malaysia,overall_sex,chinese,35-39,578.3
2020-01-01,Malaysia,overall_sex,chinese,40-44,524.6
2020-01-01,Malaysia,overall_sex,chinese,45-49,481.9
2020-01-01,Malaysia,overall_sex,chinese,50-54,435.9
2020-01-01,Malaysia,overall_sex,chinese,55-59,417.0
2020-01-01,Malaysia,overall_sex,chinese,60-64,347.0
2020-01-01,Malaysia,overall_sex,chinese,65-69,231.7
2020-01-01,Malaysia,overall_sex,chinese,70-74,174.2
2020-01-01,Malaysia,overall_sex,chinese,75-79,100.1
2020-01-01,Malaysia,overall_sex,chinese,80-84,62.6
2020-01-01,Malaysia,overall_sex,chinese,85+,33.8
2020-01-01,Malaysia,male,chinese,overall_age,3517.8
2020-01-01,Malaysia,male,chinese,0-4,208.0
2020-01-01,Malaysia,male,chinese,5-9,266.5
2020-01-01,Malaysia,male,chinese,10-14,294.5
2020-01-01,Malaysia,male,chinese,15-19,267.9
2020-01-01,Malaysia,male,chinese,20-24,250.2
2020-01-01,Malaysia,male,chinese,25-29,247.5
2020-01-01,Malaysia,male,chinese,30-34,263.2
2020-01-01,Malaysia,male,chinese,35-39,291.9
2020-01-01,Malaysia,male,chinese,40-44,270.1
2020-01-01,Malaysia,male,chinese,45-49,248.6
2020-01-01,Malaysia,male,chinese,50-54,220.6
2020-01-01,Malaysia,male,chinese,55-59,216.8
2020-01-01,Malaysia,male,chinese,60-64,176.7
2020-01-01,Malaysia,male,chinese,65-69,115.5
2020-01-01,Malaysia,male,chinese,70-74,86.0
2020-01-01,Malaysia,male,chinese,75-79,48.7
2020-01-01,Malaysia,male,chinese,80-84,29.4
2020-01-01,Malaysia,male,chinese,85+,15.7
2020-01-01,Malaysia,female,chinese,overall_age,3374.6
2020-01-01,Malaysia,female,chinese,0-4,204.2
2020-01-01,Malaysia,female,chinese,5-9,245.8
2020-01-01,Malaysia,female,chinese,10-14,269.9
2020-01-01,Malaysia,female,chinese,15-19,245.9
2020-01-01,Malaysia,female,chinese,20-24,234.8
2020-01-01,Malaysia,female,chinese,25-29,241.0
2020-01-01,Malaysia,female,chinese,30-34,266.0
2020-01-01,Malaysia,female,chinese,35-39,286.4
2020-01-01,Malaysia,female,chinese,40-44,254.5
2020-01-01,Malaysia,female,chinese,45-49,233.3
2020-01-01,Malaysia,female,chinese,50-54,215.3
2020-01-01,Malaysia,female,chinese,55-59,200.1
2020-01-01,Malaysia,female,chinese,60-64,170.3
2020-01-01,Malaysia,female,chinese,65-69,116.2
2020-01-01,Malaysia,female,chinese,70-74,88.2
2020-01-01,Malaysia,female,chinese,75-79,51.5
2020-01-01,Malaysia,female,chinese,80-84,33.2
2020-01-01,Malaysia,female,chinese,85+,18.1
2020-01-01,Malaysia,overall_sex,indian,overall_age,1998.8
2020-01-01,Malaysia,overall_sex,indian,0-4,124.9
2020-01-01,Malaysia,overall_sex,indian,5-9,152.3
2020-01-01,Malaysia,overall_sex,indian,10-14,169.1
2020-01-01,Malaysia,overall_sex,indian,15-19,167.0
2020-01-01,Malaysia,overall_sex,indian,20-24,159.3
2020-01-01,Malaysia,overall_sex,indian,25-29,160.2
2020-01-01,Malaysia,overall_sex,indian,30-34,169.1
2020-01-01,Malaysia,overall_sex,indian,35-39,175.0
2020-01-01,Malaysia,overall_sex,indian,40-44,149.8
2020-01-01,Malaysia,overall_sex,indian,45-49,126.6
2020-01-01,Malaysia,overall_sex,indian,50-54,111.8
2020-01-01,Malaysia,overall_sex,indian,55-59,108.1
2020-01-01,Malaysia,overall_sex,indian,60-64,84.9
2020-01-01,Malaysia,overall_sex,indian,65-69,61.8
2020-01-01,Malaysia,overall_sex,indian,70-74,40.6
2020-01-01,Malaysia,overall_sex,indian,75-79,18.8
2020-01-01,Malaysia,overall_sex,indian,80-84,11.2
2020-01-01,Malaysia,overall_sex,indian,85+,8.3
2020-01-01,Malaysia,male,indian,overall_age,1007.4
2020-01-01,Malaysia,male,indian,0-4,62.4
2020-01-01,Malaysia,male,indian,5-9,79.1
2020-01-01,Malaysia,male,indian,10-14,87.0
2020-01-01,Malaysia,male,indian,15-19,87.1
2020-01-01,Malaysia,male,indian,20-24,82.3
2020-01-01,Malaysia,male,indian,25-29,80.4
2020-01-01,Malaysia,male,indian,30-34,85.5
2020-01-01,Malaysia,male,indian,35-39,90.0
2020-01-01,Malaysia,male,indian,40-44,77.2
2020-01-01,Malaysia,male,indian,45-49,63.0
2020-01-01,Malaysia,male,indian,50-54,55.1
2020-01-01,Malaysia,male,indian,55-59,53.3
2020-01-01,Malaysia,male,indian,60-64,39.9
2020-01-01,Malaysia,male,indian,65-69,29.3
2020-01-01,Malaysia,male,indian,70-74,18.5
2020-01-01,Malaysia,male,indian,75-79,8.6
2020-01-01,Malaysia,male,indian,80-84,5.2
2020-01-01,Malaysia,male,indian,85+,3.7
2020-01-01,Malaysia,female,indian,overall_age,991.3
2020-01-01,Malaysia,female,indian,0-4,62.5
2020-01-01,Malaysia,female,indian,5-9,73.2
2020-01-01,Malaysia,female,indian,10-14,82.1
2020-01-01,Malaysia,female,indian,15-19,79.9
2020-01-01,Malaysia,female,indian,20-24,77.1
2020-01-01,Malaysia,female,indian,25-29,79.8
2020-01-01,Malaysia,female,indian,30-34,83.6
2020-01-01,Malaysia,female,indian,35-39,85.1
2020-01-01,Malaysia,female,indian,40-44,72.6
2020-01-01,Malaysia,female,indian,45-49,63.6
2020-01-01,Malaysia,female,indian,50-54,56.7
2020-01-01,Malaysia,female,indian,55-59,54.8
2020-01-01,Malaysia,female,indian,60-64,45.0
2020-01-01,Malaysia,female,indian,65-69,32.6
2020-01-01,Malaysia,female,indian,70-74,22.1
2020-01-01,Malaysia,female,indian,75-79,10.2
2020-01-01,Malaysia,female,indian,80-84,6.1
2020-01-01,Malaysia,female,indian,85+,4.6
2020-01-01,Malaysia,overall_sex,other_citizen,overall_age,215.6
2020-01-01,Malaysia,overall_sex,other_citizen,0-4,16.6
2020-01-01,Malaysia,overall_sex,other_citizen,5-9,17.9
2020-01-01,Malaysia,overall_sex,other_citizen,10-14,13.7
2020-01-01,Malaysia,overall_sex,other_citizen,15-19,20.5
2020-01-01,Malaysia,overall_sex,other_citizen,20-24,20.1
2020-01-01,Malaysia,overall_sex,other_citizen,25-29,21.3
2020-01-01,Malaysia,overall_sex,other_citizen,30-34,23.5
2020-01-01,Malaysia,overall_sex,other_citizen,35-39,19.3
2020-01-01,Malaysia,overall_sex,other_citizen,40-44,14.2
2020-01-01,Malaysia,overall_sex,other_citizen,45-49,11.0
2020-01-01,Malaysia,overall_sex,other_citizen,50-54,9.1
2020-01-01,Malaysia,overall_sex,other_citizen,55-59,7.9
2020-01-01,Malaysia,overall_sex,other_citizen,60-64,6.2
2020-01-01,Malaysia,overall_sex,other_citizen,65-69,6.5
2020-01-01,Malaysia,overall_sex,other_citizen,70-74,4.0
2020-01-01,Malaysia,overall_sex,other_citizen,75-79,2.0
2020-01-01,Malaysia,overall_sex,other_citizen,80-84,0.9
2020-01-01,Malaysia,overall_sex,other_citizen,85+,1.0
2020-01-01,Malaysia,male,other_citizen,overall_age,116.7
2020-01-01,Malaysia,male,other_citizen,0-4,8.6
2020-01-01,Malaysia,male,other_citizen,5-9,9.3
2020-01-01,Malaysia,male,other_citizen,10-14,7.3
2020-01-01,Malaysia,male,other_citizen,15-19,11.8
2020-01-01,Malaysia,male,other_citizen,20-24,11.2
2020-01-01,Malaysia,male,other_citizen,25-29,12.2
2020-01-01,Malaysia,male,other_citizen,30-34,13.6
2020-01-01,Malaysia,male,other_citizen,35-39,10.7
2020-01-01,Malaysia,male,other_citizen,40-44,7.5
2020-01-01,Malaysia,male,other_citizen,45-49,5.5
2020-01-01,Malaysia,male,other_citizen,50-54,4.6
2020-01-01,Malaysia,male,other_citizen,55-59,4.0
2020-01-01,Malaysia,male,other_citizen,60-64,3.4
2020-01-01,Malaysia,male,other_citizen,65-69,3.3
2020-01-01,Malaysia,male,other_citizen,70-74,2.0
2020-01-01,Malaysia,male,other_citizen,75-79,0.8
2020-01-01,Malaysia,male,other_citizen,80-84,0.4
2020-01-01,Malaysia,male,other_citizen,85+,0.5
2020-01-01,Malaysia,female,other_citizen,overall_age,98.9
2020-01-01,Malaysia,female,other_citizen,0-4,8.0
2020-01-01,Malaysia,female,other_citizen,5-9,8.5
2020-01-01,Malaysia,female,other_citizen,10-14,6.4
2020-01-01,Malaysia,female,other_citizen,15-19,8.7
2020-01-01,Malaysia,female,other_citizen,20-24,8.9
2020-01-01,Malaysia,female,other_citizen,25-29,9.1
2020-01-01,Malaysia,female,other_citizen,30-34,9.9
2020-01-01,Malaysia,female,other_citizen,35-39,8.6
2020-01-01,Malaysia,female,other_citizen,40-44,6.7
2020-01-01,Malaysia,female,other_citizen,45-49,5.5
2020-01-01,Malaysia,female,other_citizen,50-54,4.5
2020-01-01,Malaysia,female,other_citizen,55-59,3.8
2020-01-01,Malaysia,female,other_citizen,60-64,2.8
2020-01-01,Malaysia,female,other_citizen,65-69,3.1
2020-01-01,Malaysia,female,other_citizen,70-74,2.0
2020-01-01,Malaysia,female,other_citizen,75-79,1.2
2020-01-01,Malaysia,female,other_citizen,80-84,0.5
2020-01-01,Malaysia,female,other_citizen,85+,0.5
2020-01-01,Malaysia,overall_sex,other_noncitizen,overall_age,2691.1
2020-01-01,Malaysia,overall_sex,other_noncitizen,0-4,190.0
2020-01-01,Malaysia,overall_sex,other_noncitizen,5-9,149.9
2020-01-01,Malaysia,overall_sex,other_noncitizen,10-14,71.6
2020-01-01,Malaysia,overall_sex,other_noncitizen,15-19,141.9
2020-01-01,Malaysia,overall_sex,other_noncitizen,20-24,376.9
2020-01-01,Malaysia,overall_sex,other_noncitizen,25-29,492.2
2020-01-01,Malaysia,overall_sex,other_noncitizen,30-34,407.2
2020-01-01,Malaysia,overall_sex,other_noncitizen,35-39,297.5
2020-01-01,Malaysia,overall_sex,other_noncitizen,40-44,197.1
2020-01-01,Malaysia,overall_sex,other_noncitizen,45-49,116.7
2020-01-01,Malaysia,overall_sex,other_noncitizen,50-54,63.1
2020-01-01,Malaysia,overall_sex,other_noncitizen,55-59,37.6
2020-01-01,Malaysia,overall_sex,other_noncitizen,60-64,24.3
2020-01-01,Malaysia,overall_sex,other_noncitizen,65-69,52.9
2020-01-01,Malaysia,overall_sex,other_noncitizen,70-74,28.0
2020-01-01,Malaysia,overall_sex,other_noncitizen,75-79,15.4
2020-01-01,Malaysia,overall_sex,other_noncitizen,80-84,12.2
2020-01-01,Malaysia,overall_sex,other_noncitizen,85+,16.5
2020-01-01,Malaysia,male,other_noncitizen,overall_age,1872.5
2020-01-01,Malaysia,male,other_noncitizen,0-4,100.0
2020-01-01,Malaysia,male,other_noncitizen,5-9,79.2
2020-01-01,Malaysia,male,other_noncitizen,10-14,37.7
2020-01-01,Malaysia,male,other_noncitizen,15-19,87.0
2020-01-01,Malaysia,male,other_noncitizen,20-24,269.0
2020-01-01,Malaysia,male,other_noncitizen,25-29,373.7
2020-01-01,Malaysia,male,other_noncitizen,30-34,317.6
2020-01-01,Malaysia,male,other_noncitizen,35-39,226.8
2020-01-01,Malaysia,male,other_noncitizen,40-44,145.7
2020-01-01,Malaysia,male,other_noncitizen,45-49,83.9
2020-01-01,Malaysia,male,other_noncitizen,50-54,43.2
2020-01-01,Malaysia,male,other_noncitizen,55-59,25.0
2020-01-01,Malaysia,male,other_noncitizen,60-64,16.2
2020-01-01,Malaysia,male,other_noncitizen,65-69,27.7
2020-01-01,Malaysia,male,other_noncitizen,70-74,15.4
2020-01-01,Malaysia,male,other_noncitizen,75-79,8.5
2020-01-01,Malaysia,male,other_noncitizen,80-84,6.6
2020-01-01,Malaysia,male,other_noncitizen,85+,9.2
2020-01-01,Malaysia,female,other_noncitizen,overall_age,818.6
2020-01-01,Malaysia,female,other_noncitizen,0-4,90.0
2020-01-01,Malaysia,female,other_noncitizen,5-9,70.8
2020-01-01,Malaysia,female,other_noncitizen,10-14,33.9
2020-01-01,Malaysia,female,other_noncitizen,15-19,54.9
2020-01-01,Malaysia,female,other_noncitizen,20-24,107.9
2020-01-01,Malaysia,female,other_noncitizen,25-29,118.5
2020-01-01,Malaysia,female,other_noncitizen,30-34,89.5
2020-01-01,Malaysia,female,other_noncitizen,35-39,70.7
2020-01-01,Malaysia,female,other_noncitizen,40-44,51.4
2020-01-01,Malaysia,female,other_noncitizen,45-49,32.7
2020-01-01,Malaysia,female,other_noncitizen,50-54,19.9
2020-01-01,Malaysia,female,other_noncitizen,55-59,12.6
2020-01-01,Malaysia,female,other_noncitizen,60-64,8.1
2020-01-01,Malaysia,female,other_noncitizen,65-69,25.2
2020-01-01,Malaysia,female,other_noncitizen,70-74,12.6
2020-01-01,Malaysia,female,other_noncitizen,75-79,6.9
2020-01-01,Malaysia,female,other_noncitizen,80-84,5.6
2020-01-01,Malaysia,female,other_noncitizen,85+,7.3
2021-01-01,Malaysia,overall_sex,overall_ethnicity,overall_age,32576.3
2021-01-01,Malaysia,overall_sex,overall_ethnicity,0-4,2445.5
2021-01-01,Malaysia,overall_sex,overall_ethnicity,5-9,2639.5
2021-01-01,Malaysia,overall_sex,overall_ethnicity,10-14,2600.1
2021-01-01,Malaysia,overall_sex,overall_ethnicity,15-19,2800.7
2021-01-01,Malaysia,overall_sex,overall_ethnicity,20-24,2893.0
2021-01-01,Malaysia,overall_sex,overall_ethnicity,25-29,2851.7
2021-01-01,Malaysia,overall_sex,overall_ethnicity,30-34,2865.5
2021-01-01,Malaysia,overall_sex,overall_ethnicity,35-39,2777.9
2021-01-01,Malaysia,overall_sex,overall_ethnicity,40-44,2267.2
2021-01-01,Malaysia,overall_sex,overall_ethnicity,45-49,1870.2
2021-01-01,Malaysia,overall_sex,overall_ethnicity,50-54,1605.5
2021-01-01,Malaysia,overall_sex,overall_ethnicity,55-59,1460.8
2021-01-01,Malaysia,overall_sex,overall_ethnicity,60-64,1208.7
2021-01-01,Malaysia,overall_sex,overall_ethnicity,65-69,951.3
2021-01-01,Malaysia,overall_sex,overall_ethnicity,70-74,645.0
2021-01-01,Malaysia,overall_sex,overall_ethnicity,75-79,353.6
2021-01-01,Malaysia,overall_sex,overall_ethnicity,80-84,201.2
2021-01-01,Malaysia,overall_sex,overall_ethnicity,85+,139.1
2021-01-01,Malaysia,male,overall_ethnicity,overall_age,17000.5
2021-01-01,Malaysia,male,overall_ethnicity,0-4,1249.8
2021-01-01,Malaysia,male,overall_ethnicity,5-9,1363.3
2021-01-01,Malaysia,male,overall_ethnicity,10-14,1347.6
2021-01-01,Malaysia,male,overall_ethnicity,15-19,1470.8
2021-01-01,Malaysia,male,overall_ethnicity,20-24,1554.7
2021-01-01,Malaysia,male,overall_ethnicity,25-29,1560.0
2021-01-01,Malaysia,male,overall_ethnicity,30-34,1538.7
2021-01-01,Malaysia,male,overall_ethnicity,35-39,1471.3
2021-01-01,Malaysia,male,overall_ethnicity,40-44,1209.1
2021-01-01,Malaysia,male,overall_ethnicity,45-49,964.4
2021-01-01,Malaysia,male,overall_ethnicity,50-54,813.7
2021-01-01,Malaysia,male,overall_ethnicity,55-59,738.4
2021-01-01,Malaysia,male,overall_ethnicity,60-64,607.4
2021-01-01,Malaysia,male,overall_ethnicity,65-69,471.2
2021-01-01,Malaysia,male,overall_ethnicity,70-74,313.4
2021-01-01,Malaysia,male,overall_ethnicity,75-79,166.8
2021-01-01,Malaysia,male,overall_ethnicity,80-84,92.0
2021-01-01,Malaysia,male,overall_ethnicity,85+,67.9
2021-01-01,Malaysia,female,overall_ethnicity,overall_age,15575.8
2021-01-01,Malaysia,female,overall_ethnicity,0-4,1195.8
2021-01-01,Malaysia,female,overall_ethnicity,5-9,1276.2
2021-01-01,Malaysia,female,overall_ethnicity,10-14,1252.5
2021-01-01,Malaysia,female,overall_ethnicity,15-19,1329.9
2021-01-01,Malaysia,female,overall_ethnicity,20-24,1338.2
2021-01-01,Malaysia,female,overall_ethnicity,25-29,1291.7
2021-01-01,Malaysia,female,overall_ethnicity,30-34,1326.9
2021-01-01,Malaysia,female,overall_ethnicity,35-39,1306.6
2021-01-01,Malaysia,female,overall_ethnicity,40-44,1058.1
2021-01-01,Malaysia,female,overall_ethnicity,45-49,905.8
2021-01-01,Malaysia,female,overall_ethnicity,50-54,791.8
2021-01-01,Malaysia,female,overall_ethnicity,55-59,722.4
2021-01-01,Malaysia,female,overall_ethnicity,60-64,601.3
2021-01-01,Malaysia,female,overall_ethnicity,65-69,480.1
2021-01-01,Malaysia,female,overall_ethnicity,70-74,331.6
2021-01-01,Malaysia,female,overall_ethnicity,75-79,186.8
2021-01-01,Malaysia,female,overall_ethnicity,80-84,109.2
2021-01-01,Malaysia,female,overall_ethnicity,85+,71.1
2021-01-01,Malaysia,overall_sex,bumi_malay,overall_age,17248.4
2021-01-01,Malaysia,overall_sex,bumi_malay,0-4,1485.0
2021-01-01,Malaysia,overall_sex,bumi_malay,5-9,1530.9
2021-01-01,Malaysia,overall_sex,bumi_malay,10-14,1446.3
2021-01-01,Malaysia,overall_sex,bumi_malay,15-19,1601.5
2021-01-01,Malaysia,overall_sex,bumi_malay,20-24,1540.2
2021-01-01,Malaysia,overall_sex,bumi_malay,25-29,1387.5
2021-01-01,Malaysia,overall_sex,bumi_malay,30-34,1453.7
2021-01-01,Malaysia,overall_sex,bumi_malay,35-39,1425.7
2021-01-01,Malaysia,overall_sex,bumi_malay,40-44,1144.5
2021-01-01,Malaysia,overall_sex,bumi_malay,45-49,934.1
2021-01-01,Malaysia,overall_sex,bumi_malay,50-54,806.5
2021-01-01,Malaysia,overall_sex,bumi_malay,55-59,742.5
2021-01-01,Malaysia,overall_sex,bumi_malay,60-64,607.3
2021-01-01,Malaysia,overall_sex,bumi_malay,65-69,484.3
2021-01-01,Malaysia,overall_sex,bumi_malay,70-74,330.4
2021-01-01,Malaysia,overall_sex,bumi_malay,75-79,171.9
2021-01-01,Malaysia,overall_sex,bumi_malay,80-84,92.4
2021-01-01,Malaysia,overall_sex,bumi_malay,85+,63.6
2021-01-01,Malaysia,male,bumi_malay,overall_age,8734.8
2021-01-01,Malaysia,male,bumi_malay,0-4,757.9
2021-01-01,Malaysia,male,bumi_malay,5-9,789.0
2021-01-01,Malaysia,male,bumi_malay,10-14,749.0
2021-01-01,Malaysia,male,bumi_malay,15-19,835.2
2021-01-01,Malaysia,male,bumi_malay,20-24,790.2
2021-01-01,Malaysia,male,bumi_malay,25-29,701.8
2021-01-01,Malaysia,male,bumi_malay,30-34,725.4
2021-01-01,Malaysia,male,bumi_malay,35-39,717.0
2021-01-01,Malaysia,male,bumi_malay,40-44,588.9
2021-01-01,Malaysia,male,bumi_malay,45-49,468.4
2021-01-01,Malaysia,male,bumi_malay,50-54,400.9
2021-01-01,Malaysia,male,bumi_malay,55-59,368.1
2021-01-01,Malaysia,male,bumi_malay,60-64,299.5
2021-01-01,Malaysia,male,bumi_malay,65-69,236.1
2021-01-01,Malaysia,male,bumi_malay,70-74,158.9
2021-01-01,Malaysia,male,bumi_malay,75-79,78.5
2021-01-01,Malaysia,male,bumi_malay,80-84,40.1
2021-01-01,Malaysia,male,bumi_malay,85+,29.9
2021-01-01,Malaysia,female,bumi_malay,overall_age,8513.6
2021-01-01,Malaysia,female,bumi_malay,0-4,727.1
2021-01-01,Malaysia,female,bumi_malay,5-9,741.8
2021-01-01,Malaysia,female,bumi_malay,10-14,697.3
2021-01-01,Malaysia,female,bumi_malay,15-19,766.3
2021-01-01,Malaysia,female,bumi_malay,20-24,750.0
2021-01-01,Malaysia,female,bumi_malay,25-29,685.8
2021-01-01,Malaysia,female,bumi_malay,30-34,728.3
2021-01-01,Malaysia,female,bumi_malay,35-39,708.7
2021-01-01,Malaysia,female,bumi_malay,40-44,555.6
2021-01-01,Malaysia,female,bumi_malay,45-49,465.7
2021-01-01,Malaysia,female,bumi_malay,50-54,405.6
2021-01-01,Malaysia,female,bumi_malay,55-59,374.4
2021-01-01,Malaysia,female,bumi_malay,60-64,307.9
2021-01-01,Malaysia,female,bumi_malay,65-69,248.1
2021-01-01,Malaysia,female,bumi_malay,70-74,171.5
2021-01-01,Malaysia,female,bumi_malay,75-79,93.5
2021-01-01,Malaysia,female,bumi_malay,80-84,52.3
2021-01-01,Malaysia,female,bumi_malay,85+,33.7
2021-01-01,Malaysia,overall_sex,bumi_other,overall_age,3654.1
2021-01-01,Malaysia,overall_sex,bumi_other,0-4,277.1
2021-01-01,Malaysia,overall_sex,bumi_other,5-9,297.8
2021-01-01,Malaysia,overall_sex,bumi_other,10-14,349.5
2021-01-01,Malaysia,overall_sex,bumi_other,15-19,346.5
2021-01-01,Malaysia,overall_sex,bumi_other,20-24,328.4
2021-01-01,Malaysia,overall_sex,bumi_other,25-29,335.5
2021-01-01,Malaysia,overall_sex,bumi_other,30-34,313.5
2021-01-01,Malaysia,overall_sex,bumi_other,35-39,298.6
2021-01-01,Malaysia,overall_sex,bumi_other,40-44,228.8
2021-01-01,Malaysia,overall_sex,bumi_other,45-49,197.4
2021-01-01,Malaysia,overall_sex,bumi_other,50-54,175.1
2021-01-01,Malaysia,overall_sex,bumi_other,55-59,152.3
2021-01-01,Malaysia,overall_sex,bumi_other,60-64,120.2
2021-01-01,Malaysia,overall_sex,bumi_other,65-69,96.5
2021-01-01,Malaysia,overall_sex,bumi_other,70-74,60.2
2021-01-01,Malaysia,overall_sex,bumi_other,75-79,38.2
2021-01-01,Malaysia,overall_sex,bumi_other,80-84,20.8
2021-01-01,Malaysia,overall_sex,bumi_other,85+,17.6
2021-01-01,Malaysia,male,bumi_other,overall_age,1845.7
2021-01-01,Malaysia,male,bumi_other,0-4,142.7
2021-01-01,Malaysia,male,bumi_other,5-9,154.6
2021-01-01,Malaysia,male,bumi_other,10-14,178.5
2021-01-01,Malaysia,male,bumi_other,15-19,177.6
2021-01-01,Malaysia,male,bumi_other,20-24,164.6
2021-01-01,Malaysia,male,bumi_other,25-29,166.5
2021-01-01,Malaysia,male,bumi_other,30-34,154.5
2021-01-01,Malaysia,male,bumi_other,35-39,150.0
2021-01-01,Malaysia,male,bumi_other,40-44,114.8
2021-01-01,Malaysia,male,bumi_other,45-49,97.3
2021-01-01,Malaysia,male,bumi_other,50-54,87.9
2021-01-01,Malaysia,male,bumi_other,55-59,76.4
2021-01-01,Malaysia,male,bumi_other,60-64,61.2
2021-01-01,Malaysia,male,bumi_other,65-69,51.1
2021-01-01,Malaysia,male,bumi_other,70-74,29.9
2021-01-01,Malaysia,male,bumi_other,75-79,18.9
2021-01-01,Malaysia,male,bumi_other,80-84,10.2
2021-01-01,Malaysia,male,bumi_other,85+,9.0
2021-01-01,Malaysia,female,bumi_other,overall_age,1808.4
2021-01-01,Malaysia,female,bumi_other,0-4,134.3
2021-01-01,Malaysia,female,bumi_other,5-9,143.2
2021-01-01,Malaysia,female,bumi_other,10-14,171.0
2021-01-01,Malaysia,female,bumi_other,15-19,169.0
2021-01-01,Malaysia,female,bumi_other,20-24,163.8
2021-01-01,Malaysia,female,bumi_other,25-29,169.0
2021-01-01,Malaysia,female,bumi_other,30-34,159.0
2021-01-01,Malaysia,female,bumi_other,35-39,148.7
2021-01-01,Malaysia,female,bumi_other,40-44,114.0
2021-01-01,Malaysia,female,bumi_other,45-49,100.1
2021-01-01,Malaysia,female,bumi_other,50-54,87.2
2021-01-01,Malaysia,female,bumi_other,55-59,76.0
2021-01-01,Malaysia,female,bumi_other,60-64,58.9
2021-01-01,Malaysia,female,bumi_other,65-69,45.4
2021-01-01,Malaysia,female,bumi_other,70-74,30.4
2021-01-01,Malaysia,female,bumi_other,75-79,19.3
2021-01-01,Malaysia,female,bumi_other,80-84,10.6
2021-01-01,Malaysia,female,bumi_other,85+,8.6
2021-01-01,Malaysia,overall_sex,chinese,overall_age,6891.7
2021-01-01,Malaysia,overall_sex,chinese,0-4,367.6
2021-01-01,Malaysia,overall_sex,chinese,5-9,503.6
2021-01-01,Malaysia,overall_sex,chinese,10-14,552.8
2021-01-01,Malaysia,overall_sex,chinese,15-19,529.4
2021-01-01,Malaysia,overall_sex,chinese,20-24,486.8
2021-01-01,Malaysia,overall_sex,chinese,25-29,482.4
2021-01-01,Malaysia,overall_sex,chinese,30-34,520.5
2021-01-01,Malaysia,overall_sex,chinese,35-39,574.4
2021-01-01,Malaysia,overall_sex,chinese,40-44,535.9
2021-01-01,Malaysia,overall_sex,chinese,45-49,487.3
2021-01-01,Malaysia,overall_sex,chinese,50-54,441.8
2021-01-01,Malaysia,overall_sex,chinese,55-59,415.0
2021-01-01,Malaysia,overall_sex,chinese,60-64,362.3
2021-01-01,Malaysia,overall_sex,chinese,65-69,249.5
2021-01-01,Malaysia,overall_sex,chinese,70-74,180.2
2021-01-01,Malaysia,overall_sex,chinese,75-79,105.7
2021-01-01,Malaysia,overall_sex,chinese,80-84,63.9
2021-01-01,Malaysia,overall_sex,chinese,85+,32.8
2021-01-01,Malaysia,male,chinese,overall_age,3514.1
2021-01-01,Malaysia,male,chinese,0-4,186.0
2021-01-01,Malaysia,male,chinese,5-9,259.6
2021-01-01,Malaysia,male,chinese,10-14,289.4
2021-01-01,Malaysia,male,chinese,15-19,276.4
2021-01-01,Malaysia,male,chinese,20-24,251.1
2021-01-01,Malaysia,male,chinese,25-29,245.6
2021-01-01,Malaysia,male,chinese,30-34,259.2
2021-01-01,Malaysia,male,chinese,35-39,287.5
2021-01-01,Malaysia,male,chinese,40-44,278.1
2021-01-01,Malaysia,male,chinese,45-49,249.3
2021-01-01,Malaysia,male,chinese,50-54,223.9
2021-01-01,Malaysia,male,chinese,55-59,213.5
2021-01-01,Malaysia,male,chinese,60-64,185.5
2021-01-01,Malaysia,male,chinese,65-69,124.3
2021-01-01,Malaysia,male,chinese,70-74,88.1
2021-01-01,Malaysia,male,chinese,75-79,51.0
2021-01-01,Malaysia,male,chinese,80-84,29.7
2021-01-01,Malaysia,male,chinese,85+,16.0
2021-01-01,Malaysia,female,chinese,overall_age,3377.6
2021-01-01,Malaysia,female,chinese,0-4,181.6
2021-01-01,Malaysia,female,chinese,5-9,244.0
2021-01-01,Malaysia,female,chinese,10-14,263.4
2021-01-01,Malaysia,female,chinese,15-19,253.0
2021-01-01,Malaysia,female,chinese,20-24,235.8
2021-01-01,Malaysia,female,chinese,25-29,236.8
2021-01-01,Malaysia,female,chinese,30-34,261.2
2021-01-01,Malaysia,female,chinese,35-39,287.0
2021-01-01,Malaysia,female,chinese,40-44,257.8
2021-01-01,Malaysia,female,chinese,45-49,238.0
2021-01-01,Malaysia,female,chinese,50-54,217.8
2021-01-01,Malaysia,female,chinese,55-59,201.5
2021-01-01,Malaysia,female,chinese,60-64,176.8
2021-01-01,Malaysia,female,chinese,65-69,125.2
2021-01-01,Malaysia,female,chinese,70-74,92.1
2021-01-01,Malaysia,female,chinese,75-79,54.7
2021-01-01,Malaysia,female,chinese,80-84,34.2
2021-01-01,Malaysia,female,chinese,85+,16.8
2021-01-01,Malaysia,overall_sex,indian,overall_age,2002.6
2021-01-01,Malaysia,overall_sex,indian,0-4,116.0
2021-01-01,Malaysia,overall_sex,indian,5-9,147.4
2021-01-01,Malaysia,overall_sex,indian,10-14,168.0
2021-01-01,Malaysia,overall_sex,indian,15-19,168.6
2021-01-01,Malaysia,overall_sex,indian,20-24,159.3
2021-01-01,Malaysia,overall_sex,indian,25-29,157.8
2021-01-01,Malaysia,overall_sex,indian,30-34,167.2
2021-01-01,Malaysia,overall_sex,indian,35-39,175.6
2021-01-01,Malaysia,overall_sex,indian,40-44,155.5
2021-01-01,Malaysia,overall_sex,indian,45-49,129.0
2021-01-01,Malaysia,overall_sex,indian,50-54,112.8
2021-01-01,Malaysia,overall_sex,indian,55-59,107.2
2021-01-01,Malaysia,overall_sex,indian,60-64,89.2
2021-01-01,Malaysia,overall_sex,indian,65-69,64.6
2021-01-01,Malaysia,overall_sex,indian,70-74,43.2
2021-01-01,Malaysia,overall_sex,indian,75-79,21.0
2021-01-01,Malaysia,overall_sex,indian,80-84,11.6
2021-01-01,Malaysia,overall_sex,indian,85+,8.4
2021-01-01,Malaysia,male,indian,overall_age,1008.0
2021-01-01,Malaysia,male,indian,0-4,58.1
2021-01-01,Malaysia,male,indian,5-9,75.9
2021-01-01,Malaysia,male,indian,10-14,86.7
2021-01-01,Malaysia,male,indian,15-19,87.7
2021-01-01,Malaysia,male,indian,20-24,82.4
2021-01-01,Malaysia,male,indian,25-29,79.7
2021-01-01,Malaysia,male,indian,30-34,84.0
2021-01-01,Malaysia,male,indian,35-39,89.9
2021-01-01,Malaysia,male,indian,40-44,80.9
2021-01-01,Malaysia,male,indian,45-49,63.8
2021-01-01,Malaysia,male,indian,50-54,55.3
2021-01-01,Malaysia,male,indian,55-59,52.7
2021-01-01,Malaysia,male,indian,60-64,42.2
2021-01-01,Malaysia,male,indian,65-69,30.3
2021-01-01,Malaysia,male,indian,70-74,19.7
2021-01-01,Malaysia,male,indian,75-79,9.5
2021-01-01,Malaysia,male,indian,80-84,5.4
2021-01-01,Malaysia,male,indian,85+,3.8
2021-01-01,Malaysia,female,indian,overall_age,994.6
2021-01-01,Malaysia,female,indian,0-4,57.9
2021-01-01,Malaysia,female,indian,5-9,71.5
2021-01-01,Malaysia,female,indian,10-14,81.3
2021-01-01,Malaysia,female,indian,15-19,80.9
2021-01-01,Malaysia,female,indian,20-24,76.9
2021-01-01,Malaysia,female,indian,25-29,78.2
2021-01-01,Malaysia,female,indian,30-34,83.2
2021-01-01,Malaysia,female,indian,35-39,85.8
2021-01-01,Malaysia,female,indian,40-44,74.6
2021-01-01,Malaysia,female,indian,45-49,65.2
2021-01-01,Malaysia,female,indian,50-54,57.5
2021-01-01,Malaysia,female,indian,55-59,54.5
2021-01-01,Malaysia,female,indian,60-64,47.0
2021-01-01,Malaysia,female,indian,65-69,34.3
2021-01-01,Malaysia,female,indian,70-74,23.5
2021-01-01,Malaysia,female,indian,75-79,11.5
2021-01-01,Malaysia,female,indian,80-84,6.2
2021-01-01,Malaysia,female,indian,85+,4.6
2021-01-01,Malaysia,overall_sex,other_citizen,overall_age,220.1
2021-01-01,Malaysia,overall_sex,other_citizen,0-4,19.6
2021-01-01,Malaysia,overall_sex,other_citizen,5-9,17.3
2021-01-01,Malaysia,overall_sex,other_citizen,10-14,14.9
2021-01-01,Malaysia,overall_sex,other_citizen,15-19,19.0
2021-01-01,Malaysia,overall_sex,other_citizen,20-24,20.0
2021-01-01,Malaysia,overall_sex,other_citizen,25-29,20.5
2021-01-01,Malaysia,overall_sex,other_citizen,30-34,23.2
2021-01-01,Malaysia,overall_sex,other_citizen,35-39,20.7
2021-01-01,Malaysia,overall_sex,other_citizen,40-44,14.8
2021-01-01,Malaysia,overall_sex,other_citizen,45-49,11.4
2021-01-01,Malaysia,overall_sex,other_citizen,50-54,9.2
2021-01-01,Malaysia,overall_sex,other_citizen,55-59,7.9
2021-01-01,Malaysia,overall_sex,other_citizen,60-64,6.5
2021-01-01,Malaysia,overall_sex,other_citizen,65-69,6.3
2021-01-01,Malaysia,overall_sex,other_citizen,70-74,4.5
2021-01-01,Malaysia,overall_sex,other_citizen,75-79,2.2
2021-01-01,Malaysia,overall_sex,other_citizen,80-84,1.0
2021-01-01,Malaysia,overall_sex,other_citizen,85+,1.0
2021-01-01,Malaysia,male,other_citizen,overall_age,118.9
2021-01-01,Malaysia,male,other_citizen,0-4,10.1
2021-01-01,Malaysia,male,other_citizen,5-9,9.0
2021-01-01,Malaysia,male,other_citizen,10-14,7.9
2021-01-01,Malaysia,male,other_citizen,15-19,10.8
2021-01-01,Malaysia,male,other_citizen,20-24,11.2
2021-01-01,Malaysia,male,other_citizen,25-29,11.6
2021-01-01,Malaysia,male,other_citizen,30-34,13.5
2021-01-01,Malaysia,male,other_citizen,35-39,11.7
2021-01-01,Malaysia,male,other_citizen,40-44,7.7
2021-01-01,Malaysia,male,other_citizen,45-49,5.8
2021-01-01,Malaysia,male,other_citizen,50-54,4.6
2021-01-01,Malaysia,male,other_citizen,55-59,4.0
2021-01-01,Malaysia,male,other_citizen,60-64,3.6
2021-01-01,Malaysia,male,other_citizen,65-69,3.3
2021-01-01,Malaysia,male,other_citizen,70-74,2.3
2021-01-01,Malaysia,male,other_citizen,75-79,0.9
2021-01-01,Malaysia,male,other_citizen,80-84,0.4
2021-01-01,Malaysia,male,other_citizen,85+,0.5
2021-01-01,Malaysia,female,other_citizen,overall_age,101.2
2021-01-01,Malaysia,female,other_citizen,0-4,9.4
2021-01-01,Malaysia,female,other_citizen,5-9,8.3
2021-01-01,Malaysia,female,other_citizen,10-14,7.0
2021-01-01,Malaysia,female,other_citizen,15-19,8.1
2021-01-01,Malaysia,female,other_citizen,20-24,8.9
2021-01-01,Malaysia,female,other_citizen,25-29,8.9
2021-01-01,Malaysia,female,other_citizen,30-34,9.7
2021-01-01,Malaysia,female,other_citizen,35-39,9.0
2021-01-01,Malaysia,female,other_citizen,40-44,7.1
2021-01-01,Malaysia,female,other_citizen,45-49,5.6
2021-01-01,Malaysia,female,other_citizen,50-54,4.6
2021-01-01,Malaysia,female,other_citizen,55-59,3.9
2021-01-01,Malaysia,female,other_citizen,60-64,3.0
2021-01-01,Malaysia,female,other_citizen,65-69,3.1
2021-01-01,Malaysia,female,other_citizen,70-74,2.2
2021-01-01,Malaysia,female,other_citizen,75-79,1.4
2021-01-01,Malaysia,female,other_citizen,80-84,0.5
2021-01-01,Malaysia,female,other_citizen,85+,0.5
2021-01-01,Malaysia,overall_sex,other_noncitizen,overall_age,2559.5
2021-01-01,Malaysia,overall_sex,other_noncitizen,0-4,180.3
2021-01-01,Malaysia,overall_sex,other_noncitizen,5-9,142.5
2021-01-01,Malaysia,overall_sex,other_noncitizen,10-14,68.6
2021-01-01,Malaysia,overall_sex,other_noncitizen,15-19,135.6
2021-01-01,Malaysia,overall_sex,other_noncitizen,20-24,358.2
2021-01-01,Malaysia,overall_sex,other_noncitizen,25-29,467.9
2021-01-01,Malaysia,overall_sex,other_noncitizen,30-34,387.5
2021-01-01,Malaysia,overall_sex,other_noncitizen,35-39,282.8
2021-01-01,Malaysia,overall_sex,other_noncitizen,40-44,187.7
2021-01-01,Malaysia,overall_sex,other_noncitizen,45-49,111.0
2021-01-01,Malaysia,overall_sex,other_noncitizen,50-54,60.2
2021-01-01,Malaysia,overall_sex,other_noncitizen,55-59,35.9
2021-01-01,Malaysia,overall_sex,other_noncitizen,60-64,23.1
2021-01-01,Malaysia,overall_sex,other_noncitizen,65-69,50.2
2021-01-01,Malaysia,overall_sex,other_noncitizen,70-74,26.5
2021-01-01,Malaysia,overall_sex,other_noncitizen,75-79,14.5
2021-01-01,Malaysia,overall_sex,other_noncitizen,80-84,11.5
2021-01-01,Malaysia,overall_sex,other_noncitizen,85+,15.6
2021-01-01,Malaysia,male,other_noncitizen,overall_age,1779.0
2021-01-01,Malaysia,male,other_noncitizen,0-4,94.9
2021-01-01,Malaysia,male,other_noncitizen,5-9,75.2
2021-01-01,Malaysia,male,other_noncitizen,10-14,36.1
2021-01-01,Malaysia,male,other_noncitizen,15-19,83.0
2021-01-01,Malaysia,male,other_noncitizen,20-24,255.4
2021-01-01,Malaysia,male,other_noncitizen,25-29,354.9
2021-01-01,Malaysia,male,other_noncitizen,30-34,302.1
2021-01-01,Malaysia,male,other_noncitizen,35-39,215.4
2021-01-01,Malaysia,male,other_noncitizen,40-44,138.6
2021-01-01,Malaysia,male,other_noncitizen,45-49,79.7
2021-01-01,Malaysia,male,other_noncitizen,50-54,41.1
2021-01-01,Malaysia,male,other_noncitizen,55-59,23.7
2021-01-01,Malaysia,male,other_noncitizen,60-64,15.4
2021-01-01,Malaysia,male,other_noncitizen,65-69,26.2
2021-01-01,Malaysia,male,other_noncitizen,70-74,14.6
2021-01-01,Malaysia,male,other_noncitizen,75-79,8.0
2021-01-01,Malaysia,male,other_noncitizen,80-84,6.2
2021-01-01,Malaysia,male,other_noncitizen,85+,8.7
2021-01-01,Malaysia,female,other_noncitizen,overall_age,780.5
2021-01-01,Malaysia,female,other_noncitizen,0-4,85.4
2021-01-01,Malaysia,female,other_noncitizen,5-9,67.3
2021-01-01,Malaysia,female,other_noncitizen,10-14,32.5
2021-01-01,Malaysia,female,other_noncitizen,15-19,52.7
2021-01-01,Malaysia,female,other_noncitizen,20-24,102.9
2021-01-01,Malaysia,female,other_noncitizen,25-29,113.0
2021-01-01,Malaysia,female,other_noncitizen,30-34,85.4
2021-01-01,Malaysia,female,other_noncitizen,35-39,67.4
2021-01-01,Malaysia,female,other_noncitizen,40-44,49.1
2021-01-01,Malaysia,female,other_noncitizen,45-49,31.3
2021-01-01,Malaysia,female,other_noncitizen,50-54,19.1
2021-01-01,Malaysia,female,other_noncitizen,55-59,12.1
2021-01-01,Malaysia,female,other_noncitizen,60-64,7.7
2021-01-01,Malaysia,female,other_noncitizen,65-69,23.9
2021-01-01,Malaysia,female,other_noncitizen,70-74,11.9
2021-01-01,Malaysia,female,other_noncitizen,75-79,6.5
2021-01-01,Malaysia,female,other_noncitizen,80-84,5.3
2021-01-01,Malaysia,female,other_noncitizen,85+,6.9
2022-01-01,Malaysia,overall_sex,overall_ethnicity,overall_age,32698.1
2022-01-01,Malaysia,overall_sex,overall_ethnicity,0-4,2374.2
2022-01-01,Malaysia,overall_sex,overall_ethnicity,5-9,2592.8
2022-01-01,Malaysia,overall_sex,overall_ethnicity,10-14,2613.0
2022-01-01,Malaysia,overall_sex,overall_ethnicity,15-19,2781.9
2022-01-01,Malaysia,overall_sex,overall_ethnicity,20-24,2912.8
2022-01-01,Malaysia,overall_sex,overall_ethnicity,25-29,2835.0
2022-01-01,Malaysia,overall_sex,overall_ethnicity,30-34,2850.1
2022-01-01,Malaysia,overall_sex,overall_ethnicity,35-39,2777.0
2022-01-01,Malaysia,overall_sex,overall_ethnicity,40-44,2359.1
2022-01-01,Malaysia,overall_sex,overall_ethnicity,45-49,1893.9
2022-01-01,Malaysia,overall_sex,overall_ethnicity,50-54,1638.3
2022-01-01,Malaysia,overall_sex,overall_ethnicity,55-59,1452.0
2022-01-01,Malaysia,overall_sex,overall_ethnicity,60-64,1254.3
2022-01-01,Malaysia,overall_sex,overall_ethnicity,65-69,974.5
2022-01-01,Malaysia,overall_sex,overall_ethnicity,70-74,674.5
2022-01-01,Malaysia,overall_sex,overall_ethnicity,75-79,377.1
2022-01-01,Malaysia,overall_sex,overall_ethnicity,80-84,203.1
2022-01-01,Malaysia,overall_sex,overall_ethnicity,85+,134.5
2022-01-01,Malaysia,male,overall_ethnicity,overall_age,17039.8
2022-01-01,Malaysia,male,overall_ethnicity,0-4,1214.8
2022-01-01,Malaysia,male,overall_ethnicity,5-9,1336.3
2022-01-01,Malaysia,male,overall_ethnicity,10-14,1354.7
2022-01-01,Malaysia,male,overall_ethnicity,15-19,1459.6
2022-01-01,Malaysia,male,overall_ethnicity,20-24,1565.6
2022-01-01,Malaysia,male,overall_ethnicity,25-29,1553.9
2022-01-01,Malaysia,male,overall_ethnicity,30-34,1528.8
2022-01-01,Malaysia,male,overall_ethnicity,35-39,1464.2
2022-01-01,Malaysia,male,overall_ethnicity,40-44,1256.6
2022-01-01,Malaysia,male,overall_ethnicity,45-49,971.9
2022-01-01,Malaysia,male,overall_ethnicity,50-54,830.2
2022-01-01,Malaysia,male,overall_ethnicity,55-59,729.2
2022-01-01,Malaysia,male,overall_ethnicity,60-64,629.7
2022-01-01,Malaysia,male,overall_ethnicity,65-69,480.5
2022-01-01,Malaysia,male,overall_ethnicity,70-74,327.4
2022-01-01,Malaysia,male,overall_ethnicity,75-79,176.3
2022-01-01,Malaysia,male,overall_ethnicity,80-84,92.9
2022-01-01,Malaysia,male,overall_ethnicity,85+,67.2
2022-01-01,Malaysia,female,overall_ethnicity,overall_age,15658.3
2022-01-01,Malaysia,female,overall_ethnicity,0-4,1159.3
2022-01-01,Malaysia,female,overall_ethnicity,5-9,1256.6
2022-01-01,Malaysia,female,overall_ethnicity,10-14,1258.3
2022-01-01,Malaysia,female,overall_ethnicity,15-19,1322.3
2022-01-01,Malaysia,female,overall_ethnicity,20-24,1347.2
2022-01-01,Malaysia,female,overall_ethnicity,25-29,1281.1
2022-01-01,Malaysia,female,overall_ethnicity,30-34,1321.3
2022-01-01,Malaysia,female,overall_ethnicity,35-39,1312.9
2022-01-01,Malaysia,female,overall_ethnicity,40-44,1102.5
2022-01-01,Malaysia,female,overall_ethnicity,45-49,922.0
2022-01-01,Malaysia,female,overall_ethnicity,50-54,808.0
2022-01-01,Malaysia,female,overall_ethnicity,55-59,722.8
2022-01-01,Malaysia,female,overall_ethnicity,60-64,624.6
2022-01-01,Malaysia,female,overall_ethnicity,65-69,494.1
2022-01-01,Malaysia,female,overall_ethnicity,70-74,347.0
2022-01-01,Malaysia,female,overall_ethnicity,75-79,200.8
2022-01-01,Malaysia,female,overall_ethnicity,80-84,110.2
2022-01-01,Malaysia,female,overall_ethnicity,85+,67.3
2022-01-01,Malaysia,overall_sex,bumi_malay,overall_age,17422.0
2022-01-01,Malaysia,overall_sex,bumi_malay,0-4,1478.3
2022-01-01,Malaysia,overall_sex,bumi_malay,5-9,1518.1
2022-01-01,Malaysia,overall_sex,bumi_malay,10-14,1480.0
2022-01-01,Malaysia,overall_sex,bumi_malay,15-19,1564.6
2022-01-01,Malaysia,overall_sex,bumi_malay,20-24,1565.8
2022-01-01,Malaysia,overall_sex,bumi_malay,25-29,1389.9
2022-01-01,Malaysia,overall_sex,bumi_malay,30-34,1446.6
2022-01-01,Malaysia,overall_sex,bumi_malay,35-39,1444.4
2022-01-01,Malaysia,overall_sex,bumi_malay,40-44,1202.1
2022-01-01,Malaysia,overall_sex,bumi_malay,45-49,954.5
2022-01-01,Malaysia,overall_sex,bumi_malay,50-54,825.1
2022-01-01,Malaysia,overall_sex,bumi_malay,55-59,737.7
2022-01-01,Malaysia,overall_sex,bumi_malay,60-64,632.9
2022-01-01,Malaysia,overall_sex,bumi_malay,65-69,489.6
2022-01-01,Malaysia,overall_sex,bumi_malay,70-74,348.4
2022-01-01,Malaysia,overall_sex,bumi_malay,75-79,186.7
2022-01-01,Malaysia,overall_sex,bumi_malay,80-84,94.1
2022-01-01,Malaysia,overall_sex,bumi_malay,85+,63.1
2022-01-01,Malaysia,male,bumi_malay,overall_age,8819.5
2022-01-01,Malaysia,male,bumi_malay,0-4,755.4
2022-01-01,Malaysia,male,bumi_malay,5-9,781.0
2022-01-01,Malaysia,male,bumi_malay,10-14,766.6
2022-01-01,Malaysia,male,bumi_malay,15-19,815.1
2022-01-01,Malaysia,male,bumi_malay,20-24,804.2
2022-01-01,Malaysia,male,bumi_malay,25-29,706.6
2022-01-01,Malaysia,male,bumi_malay,30-34,722.4
2022-01-01,Malaysia,male,bumi_malay,35-39,723.8
2022-01-01,Malaysia,male,bumi_malay,40-44,620.2
2022-01-01,Malaysia,male,bumi_malay,45-49,476.2
2022-01-01,Malaysia,male,bumi_malay,50-54,410.8
2022-01-01,Malaysia,male,bumi_malay,55-59,363.6
2022-01-01,Malaysia,male,bumi_malay,60-64,312.1
2022-01-01,Malaysia,male,bumi_malay,65-69,237.5
2022-01-01,Malaysia,male,bumi_malay,70-74,167.8
2022-01-01,Malaysia,male,bumi_malay,75-79,85.1
2022-01-01,Malaysia,male,bumi_malay,80-84,41.0
2022-01-01,Malaysia,male,bumi_malay,85+,30.3
2022-01-01,Malaysia,female,bumi_malay,overall_age,8602.4
2022-01-01,Malaysia,female,bumi_malay,0-4,722.9
2022-01-01,Malaysia,female,bumi_malay,5-9,737.0
2022-01-01,Malaysia,female,bumi_malay,10-14,713.4
2022-01-01,Malaysia,female,bumi_malay,15-19,749.5
2022-01-01,Malaysia,female,bumi_malay,20-24,761.6
2022-01-01,Malaysia,female,bumi_malay,25-29,683.3
2022-01-01,Malaysia,female,bumi_malay,30-34,724.2
2022-01-01,Malaysia,female,bumi_malay,35-39,720.7
2022-01-01,Malaysia,female,bumi_malay,40-44,581.9
2022-01-01,Malaysia,female,bumi_malay,45-49,478.3
2022-01-01,Malaysia,female,bumi_malay,50-54,414.4
2022-01-01,Malaysia,female,bumi_malay,55-59,374.1
2022-01-01,Malaysia,female,bumi_malay,60-64,320.8
2022-01-01,Malaysia,female,bumi_malay,65-69,252.1
2022-01-01,Malaysia,female,bumi_malay,70-74,180.6
2022-01-01,Malaysia,female,bumi_malay,75-79,101.6
2022-01-01,Malaysia,female,bumi_malay,80-84,53.1
2022-01-01,Malaysia,female,bumi_malay,85+,32.8
2022-01-01,Malaysia,overall_sex,bumi_other,overall_age,3679.8
2022-01-01,Malaysia,overall_sex,bumi_other,0-4,271.3
2022-01-01,Malaysia,overall_sex,bumi_other,5-9,293.7
2022-01-01,Malaysia,overall_sex,bumi_other,10-14,335.0
2022-01-01,Malaysia,overall_sex,bumi_other,15-19,352.2
2022-01-01,Malaysia,overall_sex,bumi_other,20-24,329.6
2022-01-01,Malaysia,overall_sex,bumi_other,25-29,332.5
2022-01-01,Malaysia,overall_sex,bumi_other,30-34,321.0
2022-01-01,Malaysia,overall_sex,bumi_other,35-39,302.0
2022-01-01,Malaysia,overall_sex,bumi_other,40-44,243.7
2022-01-01,Malaysia,overall_sex,bumi_other,45-49,198.5
2022-01-01,Malaysia,overall_sex,bumi_other,50-54,179.7
2022-01-01,Malaysia,overall_sex,bumi_other,55-59,154.2
2022-01-01,Malaysia,overall_sex,bumi_other,60-64,125.8
2022-01-01,Malaysia,overall_sex,bumi_other,65-69,98.2
2022-01-01,Malaysia,overall_sex,bumi_other,70-74,64.4
2022-01-01,Malaysia,overall_sex,bumi_other,75-79,38.7
2022-01-01,Malaysia,overall_sex,bumi_other,80-84,22.2
2022-01-01,Malaysia,overall_sex,bumi_other,85+,17.1
2022-01-01,Malaysia,male,bumi_other,overall_age,1857.8
2022-01-01,Malaysia,male,bumi_other,0-4,140.2
2022-01-01,Malaysia,male,bumi_other,5-9,152.2
2022-01-01,Malaysia,male,bumi_other,10-14,171.0
2022-01-01,Malaysia,male,bumi_other,15-19,180.7
2022-01-01,Malaysia,male,bumi_other,20-24,166.2
2022-01-01,Malaysia,male,bumi_other,25-29,165.0
2022-01-01,Malaysia,male,bumi_other,30-34,158.1
2022-01-01,Malaysia,male,bumi_other,35-39,151.0
2022-01-01,Malaysia,male,bumi_other,40-44,122.6
2022-01-01,Malaysia,male,bumi_other,45-49,97.9
2022-01-01,Malaysia,male,bumi_other,50-54,89.5
2022-01-01,Malaysia,male,bumi_other,55-59,77.3
2022-01-01,Malaysia,male,bumi_other,60-64,63.5
2022-01-01,Malaysia,male,bumi_other,65-69,51.7
2022-01-01,Malaysia,male,bumi_other,70-74,32.4
2022-01-01,Malaysia,male,bumi_other,75-79,18.8
2022-01-01,Malaysia,male,bumi_other,80-84,10.9
2022-01-01,Malaysia,male,bumi_other,85+,8.9
2022-01-01,Malaysia,female,bumi_other,overall_age,1822.0
2022-01-01,Malaysia,female,bumi_other,0-4,131.1
2022-01-01,Malaysia,female,bumi_other,5-9,141.5
2022-01-01,Malaysia,female,bumi_other,10-14,164.1
2022-01-01,Malaysia,female,bumi_other,15-19,171.5
2022-01-01,Malaysia,female,bumi_other,20-24,163.4
2022-01-01,Malaysia,female,bumi_other,25-29,167.5
2022-01-01,Malaysia,female,bumi_other,30-34,162.9
2022-01-01,Malaysia,female,bumi_other,35-39,151.0
2022-01-01,Malaysia,female,bumi_other,40-44,121.2
2022-01-01,Malaysia,female,bumi_other,45-49,100.6
2022-01-01,Malaysia,female,bumi_other,50-54,90.2
2022-01-01,Malaysia,female,bumi_other,55-59,76.8
2022-01-01,Malaysia,female,bumi_other,60-64,62.3
2022-01-01,Malaysia,female,bumi_other,65-69,46.5
2022-01-01,Malaysia,female,bumi_other,70-74,32.0
2022-01-01,Malaysia,female,bumi_other,75-79,19.9
2022-01-01,Malaysia,female,bumi_other,80-84,11.3
2022-01-01,Malaysia,female,bumi_other,85+,8.3
2022-01-01,Malaysia,overall_sex,chinese,overall_age,6873.7
2022-01-01,Malaysia,overall_sex,chinese,0-4,319.2
2022-01-01,Malaysia,overall_sex,chinese,5-9,482.7
2022-01-01,Malaysia,overall_sex,chinese,10-14,548.5
2022-01-01,Malaysia,overall_sex,chinese,15-19,543.9
2022-01-01,Malaysia,overall_sex,chinese,20-24,488.7
2022-01-01,Malaysia,overall_sex,chinese,25-29,479.4
2022-01-01,Malaysia,overall_sex,chinese,30-34,515.1
2022-01-01,Malaysia,overall_sex,chinese,35-39,561.0
2022-01-01,Malaysia,overall_sex,chinese,40-44,553.1
2022-01-01,Malaysia,overall_sex,chinese,45-49,489.7
2022-01-01,Malaysia,overall_sex,chinese,50-54,451.2
2022-01-01,Malaysia,overall_sex,chinese,55-59,411.8
2022-01-01,Malaysia,overall_sex,chinese,60-64,374.4
2022-01-01,Malaysia,overall_sex,chinese,65-69,265.1
2022-01-01,Malaysia,overall_sex,chinese,70-74,186.0
2022-01-01,Malaysia,overall_sex,chinese,75-79,111.5
2022-01-01,Malaysia,overall_sex,chinese,80-84,62.7
2022-01-01,Malaysia,overall_sex,chinese,85+,29.8
2022-01-01,Malaysia,male,chinese,overall_age,3501.1
2022-01-01,Malaysia,male,chinese,0-4,161.5
2022-01-01,Malaysia,male,chinese,5-9,247.7
2022-01-01,Malaysia,male,chinese,10-14,287.3
2022-01-01,Malaysia,male,chinese,15-19,284.1
2022-01-01,Malaysia,male,chinese,20-24,252.4
2022-01-01,Malaysia,male,chinese,25-29,245.2
2022-01-01,Malaysia,male,chinese,30-34,257.4
2022-01-01,Malaysia,male,chinese,35-39,279.6
2022-01-01,Malaysia,male,chinese,40-44,286.5
2022-01-01,Malaysia,male,chinese,45-49,249.4
2022-01-01,Malaysia,male,chinese,50-54,229.5
2022-01-01,Malaysia,male,chinese,55-59,209.6
2022-01-01,Malaysia,male,chinese,60-64,192.0
2022-01-01,Malaysia,male,chinese,65-69,131.6
2022-01-01,Malaysia,male,chinese,70-74,90.2
2022-01-01,Malaysia,male,chinese,75-79,52.9
2022-01-01,Malaysia,male,chinese,80-84,28.9
2022-01-01,Malaysia,male,chinese,85+,15.2
2022-01-01,Malaysia,female,chinese,overall_age,3372.6
2022-01-01,Malaysia,female,chinese,0-4,157.7
2022-01-01,Malaysia,female,chinese,5-9,235.0
2022-01-01,Malaysia,female,chinese,10-14,261.2
2022-01-01,Malaysia,female,chinese,15-19,259.9
2022-01-01,Malaysia,female,chinese,20-24,236.2
2022-01-01,Malaysia,female,chinese,25-29,234.1
2022-01-01,Malaysia,female,chinese,30-34,257.6
2022-01-01,Malaysia,female,chinese,35-39,281.4
2022-01-01,Malaysia,female,chinese,40-44,266.6
2022-01-01,Malaysia,female,chinese,45-49,240.4
2022-01-01,Malaysia,female,chinese,50-54,221.7
2022-01-01,Malaysia,female,chinese,55-59,202.3
2022-01-01,Malaysia,female,chinese,60-64,182.3
2022-01-01,Malaysia,female,chinese,65-69,133.5
2022-01-01,Malaysia,female,chinese,70-74,95.8
2022-01-01,Malaysia,female,chinese,75-79,58.5
2022-01-01,Malaysia,female,chinese,80-84,33.8
2022-01-01,Malaysia,female,chinese,85+,14.6
2022-01-01,Malaysia,overall_sex,indian,overall_age,1999.9
2022-01-01,Malaysia,overall_sex,indian,0-4,107.2
2022-01-01,Malaysia,overall_sex,indian,5-9,141.2
2022-01-01,Malaysia,overall_sex,indian,10-14,166.3
2022-01-01,Malaysia,overall_sex,indian,15-19,170.7
2022-01-01,Malaysia,overall_sex,indian,20-24,158.6
2022-01-01,Malaysia,overall_sex,indian,25-29,156.6
2022-01-01,Malaysia,overall_sex,indian,30-34,166.9
2022-01-01,Malaysia,overall_sex,indian,35-39,172.9
2022-01-01,Malaysia,overall_sex,indian,40-44,161.9
2022-01-01,Malaysia,overall_sex,indian,45-49,131.3
2022-01-01,Malaysia,overall_sex,indian,50-54,114.2
2022-01-01,Malaysia,overall_sex,indian,55-59,105.4
2022-01-01,Malaysia,overall_sex,indian,60-64,92.1
2022-01-01,Malaysia,overall_sex,indian,65-69,66.4
2022-01-01,Malaysia,overall_sex,indian,70-74,45.2
2022-01-01,Malaysia,overall_sex,indian,75-79,23.3
2022-01-01,Malaysia,overall_sex,indian,80-84,11.5
2022-01-01,Malaysia,overall_sex,indian,85+,8.2
2022-01-01,Malaysia,male,indian,overall_age,1005.1
2022-01-01,Malaysia,male,indian,0-4,53.6
2022-01-01,Malaysia,male,indian,5-9,72.6
2022-01-01,Malaysia,male,indian,10-14,86.0
2022-01-01,Malaysia,male,indian,15-19,88.4
2022-01-01,Malaysia,male,indian,20-24,82.1
2022-01-01,Malaysia,male,indian,25-29,79.7
2022-01-01,Malaysia,male,indian,30-34,83.4
2022-01-01,Malaysia,male,indian,35-39,88.0
2022-01-01,Malaysia,male,indian,40-44,84.5
2022-01-01,Malaysia,male,indian,45-49,64.8
2022-01-01,Malaysia,male,indian,50-54,55.9
2022-01-01,Malaysia,male,indian,55-59,51.5
2022-01-01,Malaysia,male,indian,60-64,43.7
2022-01-01,Malaysia,male,indian,65-69,30.8
2022-01-01,Malaysia,male,indian,70-74,20.5
2022-01-01,Malaysia,male,indian,75-79,10.4
2022-01-01,Malaysia,male,indian,80-84,5.4
2022-01-01,Malaysia,male,indian,85+,3.8
2022-01-01,Malaysia,female,indian,overall_age,994.8
2022-01-01,Malaysia,female,indian,0-4,53.7
2022-01-01,Malaysia,female,indian,5-9,68.7
2022-01-01,Malaysia,female,indian,10-14,80.3
2022-01-01,Malaysia,female,indian,15-19,82.3
2022-01-01,Malaysia,female,indian,20-24,76.5
2022-01-01,Malaysia,female,indian,25-29,76.9
2022-01-01,Malaysia,female,indian,30-34,83.5
2022-01-01,Malaysia,female,indian,35-39,84.8
2022-01-01,Malaysia,female,indian,40-44,77.4
2022-01-01,Malaysia,female,indian,45-49,66.5
2022-01-01,Malaysia,female,indian,50-54,58.4
2022-01-01,Malaysia,female,indian,55-59,53.9
2022-01-01,Malaysia,female,indian,60-64,48.4
2022-01-01,Malaysia,female,indian,65-69,35.6
2022-01-01,Malaysia,female,indian,70-74,24.7
2022-01-01,Malaysia,female,indian,75-79,12.9
2022-01-01,Malaysia,female,indian,80-84,6.1
2022-01-01,Malaysia,female,indian,85+,4.3
2022-01-01,Malaysia,overall_sex,other_citizen,overall_age,222.8
2022-01-01,Malaysia,overall_sex,other_citizen,0-4,20.9
2022-01-01,Malaysia,overall_sex,other_citizen,5-9,17.1
2022-01-01,Malaysia,overall_sex,other_citizen,10-14,15.9
2022-01-01,Malaysia,overall_sex,other_citizen,15-19,17.6
2022-01-01,Malaysia,overall_sex,other_citizen,20-24,20.0
2022-01-01,Malaysia,overall_sex,other_citizen,25-29,19.8
2022-01-01,Malaysia,overall_sex,other_citizen,30-34,22.9
2022-01-01,Malaysia,overall_sex,other_citizen,35-39,21.5
2022-01-01,Malaysia,overall_sex,other_citizen,40-44,15.7
2022-01-01,Malaysia,overall_sex,other_citizen,45-49,11.8
2022-01-01,Malaysia,overall_sex,other_citizen,50-54,9.3
2022-01-01,Malaysia,overall_sex,other_citizen,55-59,8.0
2022-01-01,Malaysia,overall_sex,other_citizen,60-64,6.6
2022-01-01,Malaysia,overall_sex,other_citizen,65-69,6.1
2022-01-01,Malaysia,overall_sex,other_citizen,70-74,4.6
2022-01-01,Malaysia,overall_sex,other_citizen,75-79,2.7
2022-01-01,Malaysia,overall_sex,other_citizen,80-84,1.3
2022-01-01,Malaysia,overall_sex,other_citizen,85+,1.1
2022-01-01,Malaysia,male,other_citizen,overall_age,120.2
2022-01-01,Malaysia,male,other_citizen,0-4,10.9
2022-01-01,Malaysia,male,other_citizen,5-9,8.8
2022-01-01,Malaysia,male,other_citizen,10-14,8.4
2022-01-01,Malaysia,male,other_citizen,15-19,9.9
2022-01-01,Malaysia,male,other_citizen,20-24,11.2
2022-01-01,Malaysia,male,other_citizen,25-29,11.1
2022-01-01,Malaysia,male,other_citizen,30-34,13.3
2022-01-01,Malaysia,male,other_citizen,35-39,12.3
2022-01-01,Malaysia,male,other_citizen,40-44,8.2
2022-01-01,Malaysia,male,other_citizen,45-49,6.1
2022-01-01,Malaysia,male,other_citizen,50-54,4.6
2022-01-01,Malaysia,male,other_citizen,55-59,4.1
2022-01-01,Malaysia,male,other_citizen,60-64,3.5
2022-01-01,Malaysia,male,other_citizen,65-69,3.2
2022-01-01,Malaysia,male,other_citizen,70-74,2.3
2022-01-01,Malaysia,male,other_citizen,75-79,1.2
2022-01-01,Malaysia,male,other_citizen,80-84,0.6
2022-01-01,Malaysia,male,other_citizen,85+,0.5
2022-01-01,Malaysia,female,other_citizen,overall_age,102.6
2022-01-01,Malaysia,female,other_citizen,0-4,10.1
2022-01-01,Malaysia,female,other_citizen,5-9,8.3
2022-01-01,Malaysia,female,other_citizen,10-14,7.5
2022-01-01,Malaysia,female,other_citizen,15-19,7.7
2022-01-01,Malaysia,female,other_citizen,20-24,8.8
2022-01-01,Malaysia,female,other_citizen,25-29,8.7
2022-01-01,Malaysia,female,other_citizen,30-34,9.7
2022-01-01,Malaysia,female,other_citizen,35-39,9.2
2022-01-01,Malaysia,female,other_citizen,40-44,7.5
2022-01-01,Malaysia,female,other_citizen,45-49,5.7
2022-01-01,Malaysia,female,other_citizen,50-54,4.7
2022-01-01,Malaysia,female,other_citizen,55-59,3.9
2022-01-01,Malaysia,female,other_citizen,60-64,3.1
2022-01-01,Malaysia,female,other_citizen,65-69,2.9
2022-01-01,Malaysia,female,other_citizen,70-74,2.4
2022-01-01,Malaysia,female,other_citizen,75-79,1.5
2022-01-01,Malaysia,female,other_citizen,80-84,0.7
2022-01-01,Malaysia,female,other_citizen,85+,0.5
2022-01-01,Malaysia,overall_sex,other_noncitizen,overall_age,2500.0
2022-01-01,Malaysia,overall_sex,other_noncitizen,0-4,177.2
2022-01-01,Malaysia,overall_sex,other_noncitizen,5-9,140.0
2022-01-01,Malaysia,overall_sex,other_noncitizen,10-14,67.3
2022-01-01,Malaysia,overall_sex,other_noncitizen,15-19,132.8
2022-01-01,Malaysia,overall_sex,other_noncitizen,20-24,350.1
2022-01-01,Malaysia,overall_sex,other_noncitizen,25-29,456.8
2022-01-01,Malaysia,overall_sex,other_noncitizen,30-34,377.6
2022-01-01,Malaysia,overall_sex,other_noncitizen,35-39,275.3
2022-01-01,Malaysia,overall_sex,other_noncitizen,40-44,182.7
2022-01-01,Malaysia,overall_sex,other_noncitizen,45-49,108.1
2022-01-01,Malaysia,overall_sex,other_noncitizen,50-54,58.7
2022-01-01,Malaysia,overall_sex,other_noncitizen,55-59,35.0
2022-01-01,Malaysia,overall_sex,other_noncitizen,60-64,22.5
2022-01-01,Malaysia,overall_sex,other_noncitizen,65-69,49.1
2022-01-01,Malaysia,overall_sex,other_noncitizen,70-74,25.9
2022-01-01,Malaysia,overall_sex,other_noncitizen,75-79,14.2
2022-01-01,Malaysia,overall_sex,other_noncitizen,80-84,11.2
2022-01-01,Malaysia,overall_sex,other_noncitizen,85+,15.3
2022-01-01,Malaysia,male,other_noncitizen,overall_age,1736.1
2022-01-01,Malaysia,male,other_noncitizen,0-4,93.3
2022-01-01,Malaysia,male,other_noncitizen,5-9,73.9
2022-01-01,Malaysia,male,other_noncitizen,10-14,35.4
2022-01-01,Malaysia,male,other_noncitizen,15-19,81.3
2022-01-01,Malaysia,male,other_noncitizen,20-24,249.4
2022-01-01,Malaysia,male,other_noncitizen,25-29,346.3
2022-01-01,Malaysia,male,other_noncitizen,30-34,294.2
2022-01-01,Malaysia,male,other_noncitizen,35-39,209.5
2022-01-01,Malaysia,male,other_noncitizen,40-44,134.7
2022-01-01,Malaysia,male,other_noncitizen,45-49,77.5
2022-01-01,Malaysia,male,other_noncitizen,50-54,40.1
2022-01-01,Malaysia,male,other_noncitizen,55-59,23.2
2022-01-01,Malaysia,male,other_noncitizen,60-64,15.0
2022-01-01,Malaysia,male,other_noncitizen,65-69,25.6
2022-01-01,Malaysia,male,other_noncitizen,70-74,14.3
2022-01-01,Malaysia,male,other_noncitizen,75-79,7.9
2022-01-01,Malaysia,male,other_noncitizen,80-84,6.1
2022-01-01,Malaysia,male,other_noncitizen,85+,8.5
2022-01-01,Malaysia,female,other_noncitizen,overall_age,763.9
2022-01-01,Malaysia,female,other_noncitizen,0-4,84.0
2022-01-01,Malaysia,female,other_noncitizen,5-9,66.1
2022-01-01,Malaysia,female,other_noncitizen,10-14,31.9
2022-01-01,Malaysia,female,other_noncitizen,15-19,51.6
2022-01-01,Malaysia,female,other_noncitizen,20-24,100.7
2022-01-01,Malaysia,female,other_noncitizen,25-29,110.5
2022-01-01,Malaysia,female,other_noncitizen,30-34,83.4
2022-01-01,Malaysia,female,other_noncitizen,35-39,65.8
2022-01-01,Malaysia,female,other_noncitizen,40-44,47.9
2022-01-01,Malaysia,female,other_noncitizen,45-49,30.6
2022-01-01,Malaysia,female,other_noncitizen,50-54,18.7
2022-01-01,Malaysia,female,other_noncitizen,55-59,11.8
2022-01-01,Malaysia,female,other_noncitizen,60-64,7.5
2022-01-01,Malaysia,female,other_noncitizen,65-69,23.5
2022-01-01,Malaysia,female,other_noncitizen,70-74,11.6
2022-01-01,Malaysia,female,other_noncitizen,75-79,6.4
2022-01-01,Malaysia,female,other_noncitizen,80-84,5.2
2022-01-01,Malaysia,female,other_noncitizen,85+,6.8
2023-01-01,Malaysia,overall_sex,overall_ethnicity,overall_age,33379.5
2023-01-01,Malaysia,overall_sex,overall_ethnicity,0-4,2345.7
2023-01-01,Malaysia,overall_sex,overall_ethnicity,5-9,2584.6
2023-01-01,Malaysia,overall_sex,overall_ethnicity,10-14,2618.7
2023-01-01,Malaysia,overall_sex,overall_ethnicity,15-19,2775.4
2023-01-01,Malaysia,overall_sex,overall_ethnicity,20-24,3042.0
2023-01-01,Malaysia,overall_sex,overall_ethnicity,25-29,2926.9
2023-01-01,Malaysia,overall_sex,overall_ethnicity,30-34,2890.9
2023-01-01,Malaysia,overall_sex,overall_ethnicity,35-39,2845.7
2023-01-01,Malaysia,overall_sex,overall_ethnicity,40-44,2480.5
2023-01-01,Malaysia,overall_sex,overall_ethnicity,45-49,1955.3
2023-01-01,Malaysia,overall_sex,overall_ethnicity,50-54,1674.9
2023-01-01,Malaysia,overall_sex,overall_ethnicity,55-59,1471.1
2023-01-01,Malaysia,overall_sex,overall_ethnicity,60-64,1288.8
2023-01-01,Malaysia,overall_sex,overall_ethnicity,65-69,1011.9
2023-01-01,Malaysia,overall_sex,overall_ethnicity,70-74,710.9
2023-01-01,Malaysia,overall_sex,overall_ethnicity,75-79,412.6
2023-01-01,Malaysia,overall_sex,overall_ethnicity,80-84,204.2
2023-01-01,Malaysia,overall_sex,overall_ethnicity,85+,139.4
2023-01-01,Malaysia,male,overall_ethnicity,overall_age,17460.0
2023-01-01,Malaysia,male,overall_ethnicity,0-4,1205.0
2023-01-01,Malaysia,male,overall_ethnicity,5-9,1324.2
2023-01-01,Malaysia,male,overall_ethnicity,10-14,1360.1
2023-01-01,Malaysia,male,overall_ethnicity,15-19,1455.0
2023-01-01,Malaysia,male,overall_ethnicity,20-24,1650.1
2023-01-01,Malaysia,male,overall_ethnicity,25-29,1625.1
2023-01-01,Malaysia,male,overall_ethnicity,30-34,1571.2
2023-01-01,Malaysia,male,overall_ethnicity,35-39,1505.7
2023-01-01,Malaysia,male,overall_ethnicity,40-44,1323.1
2023-01-01,Malaysia,male,overall_ethnicity,45-49,1008.0
2023-01-01,Malaysia,male,overall_ethnicity,50-54,850.7
2023-01-01,Malaysia,male,overall_ethnicity,55-59,736.5
2023-01-01,Malaysia,male,overall_ethnicity,60-64,646.8
2023-01-01,Malaysia,male,overall_ethnicity,65-69,497.0
2023-01-01,Malaysia,male,overall_ethnicity,70-74,345.3
2023-01-01,Malaysia,male,overall_ethnicity,75-79,192.1
2023-01-01,Malaysia,male,overall_ethnicity,80-84,93.2
2023-01-01,Malaysia,male,overall_ethnicity,85+,71.0
2023-01-01,Malaysia,female,overall_ethnicity,overall_age,15919.5
2023-01-01,Malaysia,female,overall_ethnicity,0-4,1140.8
2023-01-01,Malaysia,female,overall_ethnicity,5-9,1260.3
2023-01-01,Malaysia,female,overall_ethnicity,10-14,1258.6
2023-01-01,Malaysia,female,overall_ethnicity,15-19,1320.4
2023-01-01,Malaysia,female,overall_ethnicity,20-24,1391.9
2023-01-01,Malaysia,female,overall_ethnicity,25-29,1301.7
2023-01-01,Malaysia,female,overall_ethnicity,30-34,1319.7
2023-01-01,Malaysia,female,overall_ethnicity,35-39,1340.0
2023-01-01,Malaysia,female,overall_ethnicity,40-44,1157.4
2023-01-01,Malaysia,female,overall_ethnicity,45-49,947.3
2023-01-01,Malaysia,female,overall_ethnicity,50-54,824.2
2023-01-01,Malaysia,female,overall_ethnicity,55-59,734.6
2023-01-01,Malaysia,female,overall_ethnicity,60-64,642.0
2023-01-01,Malaysia,female,overall_ethnicity,65-69,515.0
2023-01-01,Malaysia,female,overall_ethnicity,70-74,365.6
2023-01-01,Malaysia,female,overall_ethnicity,75-79,220.5
2023-01-01,Malaysia,female,overall_ethnicity,80-84,111.0
2023-01-01,Malaysia,female,overall_ethnicity,85+,68.4
2023-01-01,Malaysia,overall_sex,bumi_malay,overall_age,17613.7
2023-01-01,Malaysia,overall_sex,bumi_malay,0-4,1470.1
2023-01-01,Malaysia,overall_sex,bumi_malay,5-9,1513.8
2023-01-01,Malaysia,overall_sex,bumi_malay,10-14,1497.9
2023-01-01,Malaysia,overall_sex,bumi_malay,15-19,1520.6
2023-01-01,Malaysia,overall_sex,bumi_malay,20-24,1608.8
2023-01-01,Malaysia,overall_sex,bumi_malay,25-29,1404.8
2023-01-01,Malaysia,overall_sex,bumi_malay,30-34,1425.2
2023-01-01,Malaysia,overall_sex,bumi_malay,35-39,1466.4
2023-01-01,Malaysia,overall_sex,bumi_malay,40-44,1259.0
2023-01-01,Malaysia,overall_sex,bumi_malay,45-49,983.2
2023-01-01,Malaysia,overall_sex,bumi_malay,50-54,840.0
2023-01-01,Malaysia,overall_sex,bumi_malay,55-59,743.6
2023-01-01,Malaysia,overall_sex,bumi_malay,60-64,650.8
2023-01-01,Malaysia,overall_sex,bumi_malay,65-69,496.8
2023-01-01,Malaysia,overall_sex,bumi_malay,70-74,367.7
2023-01-01,Malaysia,overall_sex,bumi_malay,75-79,205.7
2023-01-01,Malaysia,overall_sex,bumi_malay,80-84,93.8
2023-01-01,Malaysia,overall_sex,bumi_malay,85+,65.3
2023-01-01,Malaysia,male,bumi_malay,overall_age,8913.7
2023-01-01,Malaysia,male,bumi_malay,0-4,754.0
2023-01-01,Malaysia,male,bumi_malay,5-9,774.3
2023-01-01,Malaysia,male,bumi_malay,10-14,777.2
2023-01-01,Malaysia,male,bumi_malay,15-19,789.8
2023-01-01,Malaysia,male,bumi_malay,20-24,829.3
2023-01-01,Malaysia,male,bumi_malay,25-29,716.8
2023-01-01,Malaysia,male,bumi_malay,30-34,713.7
2023-01-01,Malaysia,male,bumi_malay,35-39,731.3
2023-01-01,Malaysia,male,bumi_malay,40-44,648.5
2023-01-01,Malaysia,male,bumi_malay,45-49,490.9
2023-01-01,Malaysia,male,bumi_malay,50-54,418.6
2023-01-01,Malaysia,male,bumi_malay,55-59,364.9
2023-01-01,Malaysia,male,bumi_malay,60-64,320.7
2023-01-01,Malaysia,male,bumi_malay,65-69,240.0
2023-01-01,Malaysia,male,bumi_malay,70-74,176.8
2023-01-01,Malaysia,male,bumi_malay,75-79,94.0
2023-01-01,Malaysia,male,bumi_malay,80-84,41.0
2023-01-01,Malaysia,male,bumi_malay,85+,31.9
2023-01-01,Malaysia,female,bumi_malay,overall_age,8700.0
2023-01-01,Malaysia,female,bumi_malay,0-4,716.2
2023-01-01,Malaysia,female,bumi_malay,5-9,739.5
2023-01-01,Malaysia,female,bumi_malay,10-14,720.7
2023-01-01,Malaysia,female,bumi_malay,15-19,730.8
2023-01-01,Malaysia,female,bumi_malay,20-24,779.4
2023-01-01,Malaysia,female,bumi_malay,25-29,688.0
2023-01-01,Malaysia,female,bumi_malay,30-34,711.5
2023-01-01,Malaysia,female,bumi_malay,35-39,735.1
2023-01-01,Malaysia,female,bumi_malay,40-44,610.5
2023-01-01,Malaysia,female,bumi_malay,45-49,492.3
2023-01-01,Malaysia,female,bumi_malay,50-54,421.4
2023-01-01,Malaysia,female,bumi_malay,55-59,378.7
2023-01-01,Malaysia,female,bumi_malay,60-64,330.1
2023-01-01,Malaysia,female,bumi_malay,65-69,256.8
2023-01-01,Malaysia,female,bumi_malay,70-74,190.9
2023-01-01,Malaysia,female,bumi_malay,75-79,111.7
2023-01-01,Malaysia,female,bumi_malay,80-84,52.8
2023-01-01,Malaysia,female,bumi_malay,85+,33.4
2023-01-01,Malaysia,overall_sex,bumi_other,overall_age,3711.8
2023-01-01,Malaysia,overall_sex,bumi_other,0-4,268.7
2023-01-01,Malaysia,overall_sex,bumi_other,5-9,289.9
2023-01-01,Malaysia,overall_sex,bumi_other,10-14,320.3
2023-01-01,Malaysia,overall_sex,bumi_other,15-19,356.9
2023-01-01,Malaysia,overall_sex,bumi_other,20-24,334.3
2023-01-01,Malaysia,overall_sex,bumi_other,25-29,328.8
2023-01-01,Malaysia,overall_sex,bumi_other,30-34,326.2
2023-01-01,Malaysia,overall_sex,bumi_other,35-39,305.8
2023-01-01,Malaysia,overall_sex,bumi_other,40-44,258.7
2023-01-01,Malaysia,overall_sex,bumi_other,45-49,200.6
2023-01-01,Malaysia,overall_sex,bumi_other,50-54,182.3
2023-01-01,Malaysia,overall_sex,bumi_other,55-59,158.7
2023-01-01,Malaysia,overall_sex,bumi_other,60-64,129.0
2023-01-01,Malaysia,overall_sex,bumi_other,65-69,100.4
2023-01-01,Malaysia,overall_sex,bumi_other,70-74,69.5
2023-01-01,Malaysia,overall_sex,bumi_other,75-79,40.6
2023-01-01,Malaysia,overall_sex,bumi_other,80-84,23.4
2023-01-01,Malaysia,overall_sex,bumi_other,85+,17.5
2023-01-01,Malaysia,male,bumi_other,overall_age,1873.3
2023-01-01,Malaysia,male,bumi_other,0-4,139.2
2023-01-01,Malaysia,male,bumi_other,5-9,149.5
2023-01-01,Malaysia,male,bumi_other,10-14,164.1
2023-01-01,Malaysia,male,bumi_other,15-19,183.2
2023-01-01,Malaysia,male,bumi_other,20-24,169.6
2023-01-01,Malaysia,male,bumi_other,25-29,163.2
2023-01-01,Malaysia,male,bumi_other,30-34,161.0
2023-01-01,Malaysia,male,bumi_other,35-39,152.0
2023-01-01,Malaysia,male,bumi_other,40-44,130.4
2023-01-01,Malaysia,male,bumi_other,45-49,98.9
2023-01-01,Malaysia,male,bumi_other,50-54,89.9
2023-01-01,Malaysia,male,bumi_other,55-59,79.9
2023-01-01,Malaysia,male,bumi_other,60-64,64.3
2023-01-01,Malaysia,male,bumi_other,65-69,52.4
2023-01-01,Malaysia,male,bumi_other,70-74,35.5
2023-01-01,Malaysia,male,bumi_other,75-79,19.5
2023-01-01,Malaysia,male,bumi_other,80-84,11.5
2023-01-01,Malaysia,male,bumi_other,85+,9.2
2023-01-01,Malaysia,female,bumi_other,overall_age,1838.5
2023-01-01,Malaysia,female,bumi_other,0-4,129.5
2023-01-01,Malaysia,female,bumi_other,5-9,140.4
2023-01-01,Malaysia,female,bumi_other,10-14,156.2
2023-01-01,Malaysia,female,bumi_other,15-19,173.6
2023-01-01,Malaysia,female,bumi_other,20-24,164.7
2023-01-01,Malaysia,female,bumi_other,25-29,165.6
2023-01-01,Malaysia,female,bumi_other,30-34,165.3
2023-01-01,Malaysia,female,bumi_other,35-39,153.8
2023-01-01,Malaysia,female,bumi_other,40-44,128.4
2023-01-01,Malaysia,female,bumi_other,45-49,101.7
2023-01-01,Malaysia,female,bumi_other,50-54,92.3
2023-01-01,Malaysia,female,bumi_other,55-59,78.8
2023-01-01,Malaysia,female,bumi_other,60-64,64.7
2023-01-01,Malaysia,female,bumi_other,65-69,48.1
2023-01-01,Malaysia,female,bumi_other,70-74,33.9
2023-01-01,Malaysia,female,bumi_other,75-79,21.1
2023-01-01,Malaysia,female,bumi_other,80-84,11.9
2023-01-01,Malaysia,female,bumi_other,85+,8.4
2023-01-01,Malaysia,overall_sex,chinese,overall_age,6862.4
2023-01-01,Malaysia,overall_sex,chinese,0-4,273.8
2023-01-01,Malaysia,overall_sex,chinese,5-9,460.0
2023-01-01,Malaysia,overall_sex,chinese,10-14,540.6
2023-01-01,Malaysia,overall_sex,chinese,15-19,552.3
2023-01-01,Malaysia,overall_sex,chinese,20-24,502.1
2023-01-01,Malaysia,overall_sex,chinese,25-29,476.4
2023-01-01,Malaysia,overall_sex,chinese,30-34,505.8
2023-01-01,Malaysia,overall_sex,chinese,35-39,554.5
2023-01-01,Malaysia,overall_sex,chinese,40-44,564.0
2023-01-01,Malaysia,overall_sex,chinese,45-49,496.4
2023-01-01,Malaysia,overall_sex,chinese,50-54,457.4
2023-01-01,Malaysia,overall_sex,chinese,55-59,414.4
2023-01-01,Malaysia,overall_sex,chinese,60-64,381.4
2023-01-01,Malaysia,overall_sex,chinese,65-69,282.3
2023-01-01,Malaysia,overall_sex,chinese,70-74,190.9
2023-01-01,Malaysia,overall_sex,chinese,75-79,120.2
2023-01-01,Malaysia,overall_sex,chinese,80-84,60.9
2023-01-01,Malaysia,overall_sex,chinese,85+,28.9
2023-01-01,Malaysia,male,chinese,overall_age,3491.9
2023-01-01,Malaysia,male,chinese,0-4,139.0
2023-01-01,Malaysia,male,chinese,5-9,234.3
2023-01-01,Malaysia,male,chinese,10-14,282.9
2023-01-01,Malaysia,male,chinese,15-19,288.0
2023-01-01,Malaysia,male,chinese,20-24,260.5
2023-01-01,Malaysia,male,chinese,25-29,244.8
2023-01-01,Malaysia,male,chinese,30-34,254.0
2023-01-01,Malaysia,male,chinese,35-39,275.5
2023-01-01,Malaysia,male,chinese,40-44,290.1
2023-01-01,Malaysia,male,chinese,45-49,252.9
2023-01-01,Malaysia,male,chinese,50-54,233.4
2023-01-01,Malaysia,male,chinese,55-59,209.3
2023-01-01,Malaysia,male,chinese,60-64,195.7
2023-01-01,Malaysia,male,chinese,65-69,139.9
2023-01-01,Malaysia,male,chinese,70-74,92.1
2023-01-01,Malaysia,male,chinese,75-79,56.5
2023-01-01,Malaysia,male,chinese,80-84,27.6
2023-01-01,Malaysia,male,chinese,85+,15.2
2023-01-01,Malaysia,female,chinese,overall_age,3370.6
2023-01-01,Malaysia,female,chinese,0-4,134.8
2023-01-01,Malaysia,female,chinese,5-9,225.7
2023-01-01,Malaysia,female,chinese,10-14,257.7
2023-01-01,Malaysia,female,chinese,15-19,264.2
2023-01-01,Malaysia,female,chinese,20-24,241.6
2023-01-01,Malaysia,female,chinese,25-29,231.7
2023-01-01,Malaysia,female,chinese,30-34,251.7
2023-01-01,Malaysia,female,chinese,35-39,279.0
2023-01-01,Malaysia,female,chinese,40-44,273.9
2023-01-01,Malaysia,female,chinese,45-49,243.5
2023-01-01,Malaysia,female,chinese,50-54,224.1
2023-01-01,Malaysia,female,chinese,55-59,205.1
2023-01-01,Malaysia,female,chinese,60-64,185.7
2023-01-01,Malaysia,female,chinese,65-69,142.4
2023-01-01,Malaysia,female,chinese,70-74,98.8
2023-01-01,Malaysia,female,chinese,75-79,63.7
2023-01-01,Malaysia,female,chinese,80-84,33.3
2023-01-01,Malaysia,female,chinese,85+,13.7
2023-01-01,Malaysia,overall_sex,indian,overall_age,2001.0
2023-01-01,Malaysia,overall_sex,indian,0-4,99.0
2023-01-01,Malaysia,overall_sex,indian,5-9,136.3
2023-01-01,Malaysia,overall_sex,indian,10-14,162.9
2023-01-01,Malaysia,overall_sex,indian,15-19,170.7
2023-01-01,Malaysia,overall_sex,indian,20-24,161.3
2023-01-01,Malaysia,overall_sex,indian,25-29,156.1
2023-01-01,Malaysia,overall_sex,indian,30-34,165.2
2023-01-01,Malaysia,overall_sex,indian,35-39,171.4
2023-01-01,Malaysia,overall_sex,indian,40-44,166.5
2023-01-01,Malaysia,overall_sex,indian,45-49,135.0
2023-01-01,Malaysia,overall_sex,indian,50-54,116.0
2023-01-01,Malaysia,overall_sex,indian,55-59,104.8
2023-01-01,Malaysia,overall_sex,indian,60-64,94.2
2023-01-01,Malaysia,overall_sex,indian,65-69,68.3
2023-01-01,Malaysia,overall_sex,indian,70-74,47.1
2023-01-01,Malaysia,overall_sex,indian,75-79,26.3
2023-01-01,Malaysia,overall_sex,indian,80-84,11.3
2023-01-01,Malaysia,overall_sex,indian,85+,8.4
2023-01-01,Malaysia,male,indian,overall_age,1004.1
2023-01-01,Malaysia,male,indian,0-4,49.8
2023-01-01,Malaysia,male,indian,5-9,68.9
2023-01-01,Malaysia,male,indian,10-14,84.9
2023-01-01,Malaysia,male,indian,15-19,88.0
2023-01-01,Malaysia,male,indian,20-24,83.8
2023-01-01,Malaysia,male,indian,25-29,80.0
2023-01-01,Malaysia,male,indian,30-34,82.2
2023-01-01,Malaysia,male,indian,35-39,87.0
2023-01-01,Malaysia,male,indian,40-44,86.4
2023-01-01,Malaysia,male,indian,45-49,67.2
2023-01-01,Malaysia,male,indian,50-54,56.6
2023-01-01,Malaysia,male,indian,55-59,50.9
2023-01-01,Malaysia,male,indian,60-64,44.8
2023-01-01,Malaysia,male,indian,65-69,31.3
2023-01-01,Malaysia,male,indian,70-74,21.5
2023-01-01,Malaysia,male,indian,75-79,11.5
2023-01-01,Malaysia,male,indian,80-84,5.3
2023-01-01,Malaysia,male,indian,85+,4.1
2023-01-01,Malaysia,female,indian,overall_age,996.9
2023-01-01,Malaysia,female,indian,0-4,49.2
2023-01-01,Malaysia,female,indian,5-9,67.4
2023-01-01,Malaysia,female,indian,10-14,78.0
2023-01-01,Malaysia,female,indian,15-19,82.7
2023-01-01,Malaysia,female,indian,20-24,77.5
2023-01-01,Malaysia,female,indian,25-29,76.1
2023-01-01,Malaysia,female,indian,30-34,83.0
2023-01-01,Malaysia,female,indian,35-39,84.4
2023-01-01,Malaysia,female,indian,40-44,80.2
2023-01-01,Malaysia,female,indian,45-49,67.8
2023-01-01,Malaysia,female,indian,50-54,59.4
2023-01-01,Malaysia,female,indian,55-59,53.9
2023-01-01,Malaysia,female,indian,60-64,49.4
2023-01-01,Malaysia,female,indian,65-69,37.0
2023-01-01,Malaysia,female,indian,70-74,25.7
2023-01-01,Malaysia,female,indian,75-79,14.8
2023-01-01,Malaysia,female,indian,80-84,6.0
2023-01-01,Malaysia,female,indian,85+,4.3
2023-01-01,Malaysia,overall_sex,other_citizen,overall_age,226.4
2023-01-01,Malaysia,overall_sex,other_citizen,0-4,22.5
2023-01-01,Malaysia,overall_sex,other_citizen,5-9,17.3
2023-01-01,Malaysia,overall_sex,other_citizen,10-14,16.6
2023-01-01,Malaysia,overall_sex,other_citizen,15-19,16.4
2023-01-01,Malaysia,overall_sex,other_citizen,20-24,20.3
2023-01-01,Malaysia,overall_sex,other_citizen,25-29,19.4
2023-01-01,Malaysia,overall_sex,other_citizen,30-34,22.2
2023-01-01,Malaysia,overall_sex,other_citizen,35-39,22.4
2023-01-01,Malaysia,overall_sex,other_citizen,40-44,16.5
2023-01-01,Malaysia,overall_sex,other_citizen,45-49,12.4
2023-01-01,Malaysia,overall_sex,other_citizen,50-54,9.5
2023-01-01,Malaysia,overall_sex,other_citizen,55-59,8.2
2023-01-01,Malaysia,overall_sex,other_citizen,60-64,6.6
2023-01-01,Malaysia,overall_sex,other_citizen,65-69,5.7
2023-01-01,Malaysia,overall_sex,other_citizen,70-74,4.9
2023-01-01,Malaysia,overall_sex,other_citizen,75-79,3.0
2023-01-01,Malaysia,overall_sex,other_citizen,80-84,1.5
2023-01-01,Malaysia,overall_sex,other_citizen,85+,1.1
2023-01-01,Malaysia,male,other_citizen,overall_age,121.9
2023-01-01,Malaysia,male,other_citizen,0-4,11.7
2023-01-01,Malaysia,male,other_citizen,5-9,9.0
2023-01-01,Malaysia,male,other_citizen,10-14,8.7
2023-01-01,Malaysia,male,other_citizen,15-19,9.1
2023-01-01,Malaysia,male,other_citizen,20-24,11.5
2023-01-01,Malaysia,male,other_citizen,25-29,10.7
2023-01-01,Malaysia,male,other_citizen,30-34,12.9
2023-01-01,Malaysia,male,other_citizen,35-39,12.8
2023-01-01,Malaysia,male,other_citizen,40-44,8.8
2023-01-01,Malaysia,male,other_citizen,45-49,6.5
2023-01-01,Malaysia,male,other_citizen,50-54,4.6
2023-01-01,Malaysia,male,other_citizen,55-59,4.1
2023-01-01,Malaysia,male,other_citizen,60-64,3.4
2023-01-01,Malaysia,male,other_citizen,65-69,3.0
2023-01-01,Malaysia,male,other_citizen,70-74,2.5
2023-01-01,Malaysia,male,other_citizen,75-79,1.4
2023-01-01,Malaysia,male,other_citizen,80-84,0.6
2023-01-01,Malaysia,male,other_citizen,85+,0.6
2023-01-01,Malaysia,female,other_citizen,overall_age,104.5
2023-01-01,Malaysia,female,other_citizen,0-4,10.9
2023-01-01,Malaysia,female,other_citizen,5-9,8.3
2023-01-01,Malaysia,female,other_citizen,10-14,7.9
2023-01-01,Malaysia,female,other_citizen,15-19,7.3
2023-01-01,Malaysia,female,other_citizen,20-24,8.8
2023-01-01,Malaysia,female,other_citizen,25-29,8.7
2023-01-01,Malaysia,female,other_citizen,30-34,9.3
2023-01-01,Malaysia,female,other_citizen,35-39,9.5
2023-01-01,Malaysia,female,other_citizen,40-44,7.7
2023-01-01,Malaysia,female,other_citizen,45-49,5.8
2023-01-01,Malaysia,female,other_citizen,50-54,4.9
2023-01-01,Malaysia,female,other_citizen,55-59,4.0
2023-01-01,Malaysia,female,other_citizen,60-64,3.2
2023-01-01,Malaysia,female,other_citizen,65-69,2.7
2023-01-01,Malaysia,female,other_citizen,70-74,2.5
2023-01-01,Malaysia,female,other_citizen,75-79,1.6
2023-01-01,Malaysia,female,other_citizen,80-84,0.8
2023-01-01,Malaysia,female,other_citizen,85+,0.5
2023-01-01,Malaysia,overall_sex,other_noncitizen,overall_age,2964.2
2023-01-01,Malaysia,overall_sex,other_noncitizen,0-4,211.6
2023-01-01,Malaysia,overall_sex,other_noncitizen,5-9,167.3
2023-01-01,Malaysia,overall_sex,other_noncitizen,10-14,80.4
2023-01-01,Malaysia,overall_sex,other_noncitizen,15-19,158.6
2023-01-01,Malaysia,overall_sex,other_noncitizen,20-24,415.3
2023-01-01,Malaysia,overall_sex,other_noncitizen,25-29,541.3
2023-01-01,Malaysia,overall_sex,other_noncitizen,30-34,446.3
2023-01-01,Malaysia,overall_sex,other_noncitizen,35-39,325.1
2023-01-01,Malaysia,overall_sex,other_noncitizen,40-44,215.7
2023-01-01,Malaysia,overall_sex,other_noncitizen,45-49,127.6
2023-01-01,Malaysia,overall_sex,other_noncitizen,50-54,69.6
2023-01-01,Malaysia,overall_sex,other_noncitizen,55-59,41.5
2023-01-01,Malaysia,overall_sex,other_noncitizen,60-64,26.7
2023-01-01,Malaysia,overall_sex,other_noncitizen,65-69,58.4
2023-01-01,Malaysia,overall_sex,other_noncitizen,70-74,30.7
2023-01-01,Malaysia,overall_sex,other_noncitizen,75-79,16.8
2023-01-01,Malaysia,overall_sex,other_noncitizen,80-84,13.3
2023-01-01,Malaysia,overall_sex,other_noncitizen,85+,18.1
2023-01-01,Malaysia,male,other_noncitizen,overall_age,2055.1
2023-01-01,Malaysia,male,other_noncitizen,0-4,111.3
2023-01-01,Malaysia,male,other_noncitizen,5-9,88.2
2023-01-01,Malaysia,male,other_noncitizen,10-14,42.2
2023-01-01,Malaysia,male,other_noncitizen,15-19,96.9
2023-01-01,Malaysia,male,other_noncitizen,20-24,295.4
2023-01-01,Malaysia,male,other_noncitizen,25-29,409.7
2023-01-01,Malaysia,male,other_noncitizen,30-34,347.4
2023-01-01,Malaysia,male,other_noncitizen,35-39,247.0
2023-01-01,Malaysia,male,other_noncitizen,40-44,158.9
2023-01-01,Malaysia,male,other_noncitizen,45-49,91.5
2023-01-01,Malaysia,male,other_noncitizen,50-54,47.5
2023-01-01,Malaysia,male,other_noncitizen,55-59,27.4
2023-01-01,Malaysia,male,other_noncitizen,60-64,17.8
2023-01-01,Malaysia,male,other_noncitizen,65-69,30.5
2023-01-01,Malaysia,male,other_noncitizen,70-74,16.9
2023-01-01,Malaysia,male,other_noncitizen,75-79,9.3
2023-01-01,Malaysia,male,other_noncitizen,80-84,7.2
2023-01-01,Malaysia,male,other_noncitizen,85+,10.1
2023-01-01,Malaysia,female,other_noncitizen,overall_age,909.1
2023-01-01,Malaysia,female,other_noncitizen,0-4,100.3
2023-01-01,Malaysia,female,other_noncitizen,5-9,79.0
2023-01-01,Malaysia,female,other_noncitizen,10-14,38.1
2023-01-01,Malaysia,female,other_noncitizen,15-19,61.7
2023-01-01,Malaysia,female,other_noncitizen,20-24,119.9
2023-01-01,Malaysia,female,other_noncitizen,25-29,131.6
2023-01-01,Malaysia,female,other_noncitizen,30-34,98.9
2023-01-01,Malaysia,female,other_noncitizen,35-39,78.1
2023-01-01,Malaysia,female,other_noncitizen,40-44,56.8
2023-01-01,Malaysia,female,other_noncitizen,45-49,36.2
2023-01-01,Malaysia,female,other_noncitizen,50-54,22.1
2023-01-01,Malaysia,female,other_noncitizen,55-59,14.0
2023-01-01,Malaysia,female,other_noncitizen,60-64,8.9
2023-01-01,Malaysia,female,other_noncitizen,65-69,27.9
2023-01-01,Malaysia,female,other_noncitizen,70-74,13.8
2023-01-01,Malaysia,female,other_noncitizen,75-79,7.5
2023-01-01,Malaysia,female,other_noncitizen,80-84,6.1
2023-01-01,Malaysia,female,other_noncitizen,85+,8.0
